日期,城市,电池数,48V电池数,60V电池数,72V电池数
2025-12-05,上海市,5167,1568,3598,1
2025-12-05,南京市,8328,4,8324,0
2025-12-05,南通市,1683,0,1683,0
2025-12-05,合肥市,98,0,98,0
2025-12-05,宁波市,6436,276,6160,0
2025-12-05,常州市,3741,0,3741,0
2025-12-05,徐州市,12,0,12,0
2025-12-05,无锡市,1545,0,1545,0
2025-12-05,武汉市,4472,0,4472,0
2025-12-05,温州市,2599,565,2034,0
2025-12-05,芜湖市,724,0,724,0
2025-12-05,苏州市,14051,0,14051,0
2025-12-05,金华市,12,9,3,0
2025-12-05,青岛市,1203,0,1203,0
2025-12-06,上海市,5167,1568,3598,1
2025-12-06,南京市,8330,4,8326,0
2025-12-06,南通市,1683,0,1683,0
2025-12-06,合肥市,98,0,98,0
2025-12-06,宁波市,6436,276,6160,0
2025-12-06,常州市,3742,0,3742,0
2025-12-06,徐州市,12,0,12,0
2025-12-06,无锡市,1541,0,1541,0
2025-12-06,武汉市,4472,0,4472,0
2025-12-06,温州市,2599,565,2034,0
2025-12-06,芜湖市,724,0,724,0
2025-12-06,苏州市,14052,0,14052,0
2025-12-06,金华市,12,9,3,0
2025-12-06,青岛市,1203,0,1203,0
2025-12-07,上海市,5167,1568,3598,1
2025-12-07,南京市,8329,4,8325,0
2025-12-07,南通市,1685,0,1685,0
2025-12-07,合肥市,98,0,98,0
2025-12-07,宁波市,6436,276,6160,0
2025-12-07,常州市,3743,0,3743,0
2025-12-07,徐州市,12,0,12,0
2025-12-07,无锡市,1548,0,1548,0
2025-12-07,武汉市,4472,0,4472,0
2025-12-07,温州市,2599,565,2034,0
2025-12-07,芜湖市,724,0,724,0
2025-12-07,苏州市,14043,0,14043,0
2025-12-07,金华市,12,9,3,0
2025-12-07,青岛市,1203,0,1203,0
2025-12-08,上海市,5167,1568,3598,1
2025-12-08,南京市,8329,4,8325,0
2025-12-08,南通市,1681,0,1681,0
2025-12-08,合肥市,98,0,98,0
2025-12-08,宁波市,6436,276,6160,0
2025-12-08,常州市,3752,0,3752,0
2025-12-08,徐州市,12,0,12,0
2025-12-08,无锡市,1542,0,1542,0
2025-12-08,武汉市,4472,0,4472,0
2025-12-08,温州市,2599,565,2034,0
2025-12-08,芜湖市,724,0,724,0
2025-12-08,苏州市,14044,0,14044,0
2025-12-08,金华市,12,9,3,0
2025-12-08,青岛市,1203,0,1203,0
2025-12-09,上海市,5279,1568,3710,1
2025-12-09,南京市,8242,4,8238,0
2025-12-09,南通市,1681,0,1681,0
2025-12-09,合肥市,98,0,98,0
2025-12-09,宁波市,6436,276,6160,0
2025-12-09,常州市,3736,0,3736,0
2025-12-09,徐州市,12,0,12,0
2025-12-09,无锡市,1555,0,1555,0
2025-12-09,武汉市,4472,0,4472,0
2025-12-09,温州市,2599,565,2034,0
2025-12-09,芜湖市,701,0,701,0
2025-12-09,苏州市,14045,0,14045,0
2025-12-09,金华市,12,9,3,0
2025-12-09,青岛市,1203,0,1203,0
2025-12-10,上海市,5451,1585,3865,1
2025-12-10,南京市,8242,4,8238,0
2025-12-10,南通市,1681,0,1681,0
2025-12-10,合肥市,98,0,98,0
2025-12-10,宁波市,6264,259,6005,0
2025-12-10,常州市,3738,0,3738,0
2025-12-10,徐州市,12,0,12,0
2025-12-10,无锡市,1553,0,1553,0
2025-12-10,武汉市,4472,0,4472,0
2025-12-10,温州市,2599,565,2034,0
2025-12-10,芜湖市,702,0,702,0
2025-12-10,苏州市,14044,0,14044,0
2025-12-10,金华市,12,9,3,0
2025-12-10,青岛市,1203,0,1203,0
2025-12-11,上海市,5559,1585,3973,1
2025-12-11,南京市,8243,4,8239,0
2025-12-11,南通市,1679,0,1679,0
2025-12-11,合肥市,98,0,98,0
2025-12-11,宁波市,6264,259,6005,0
2025-12-11,常州市,3735,0,3735,0
2025-12-11,徐州市,12,0,12,0
2025-12-11,无锡市,1539,0,1539,0
2025-12-11,武汉市,4472,0,4472,0
2025-12-11,温州市,2659,565,2094,0
2025-12-11,芜湖市,701,0,701,0
2025-12-11,苏州市,13896,0,13896,0
2025-12-11,金华市,12,9,3,0
2025-12-11,青岛市,1203,0,1203,0
2025-12-12,上海市,5633,1629,4003,1
2025-12-12,南京市,8243,4,8239,0
2025-12-12,南通市,1683,0,1683,0
2025-12-12,合肥市,98,0,98,0
2025-12-12,宁波市,6264,259,6005,0
2025-12-12,常州市,3732,0,3732,0
2025-12-12,徐州市,12,0,12,0
2025-12-12,无锡市,1539,0,1539,0
2025-12-12,武汉市,4472,0,4472,0
2025-12-12,温州市,2585,521,2064,0
2025-12-12,芜湖市,701,0,701,0
2025-12-12,苏州市,13895,0,13895,0
2025-12-12,金华市,12,9,3,0
2025-12-12,青岛市,1203,0,1203,0
2025-12-13,上海市,5634,1629,4004,1
2025-12-13,南京市,8243,4,8239,0
2025-12-13,南通市,1685,0,1685,0
2025-12-13,合肥市,98,0,98,0
2025-12-13,宁波市,6265,259,6006,0
2025-12-13,常州市,3736,0,3736,0
2025-12-13,徐州市,12,0,12,0
2025-12-13,无锡市,1536,0,1536,0
2025-12-13,武汉市,4472,0,4472,0
2025-12-13,温州市,2585,521,2064,0
2025-12-13,芜湖市,701,0,701,0
2025-12-13,苏州市,13891,0,13891,0
2025-12-13,金华市,12,9,3,0
2025-12-13,青岛市,1202,0,1202,0
2025-12-14,上海市,5634,1629,4004,1
2025-12-14,南京市,8242,4,8238,0
2025-12-14,南通市,1685,0,1685,0
2025-12-14,合肥市,98,0,98,0
2025-12-14,宁波市,6264,259,6005,0
2025-12-14,常州市,3733,0,3733,0
2025-12-14,徐州市,12,0,12,0
2025-12-14,无锡市,1536,0,1536,0
2025-12-14,武汉市,4472,0,4472,0
2025-12-14,温州市,2586,521,2065,0
2025-12-14,芜湖市,701,0,701,0
2025-12-14,苏州市,13895,0,13895,0
2025-12-14,金华市,12,9,3,0
2025-12-14,青岛市,1202,0,1202,0
2025-12-15,上海市,5634,1629,4004,1
2025-12-15,南京市,8242,4,8238,0
2025-12-15,南通市,1685,0,1685,0
2025-12-15,合肥市,98,0,98,0
2025-12-15,宁波市,6265,259,6006,0
2025-12-15,常州市,3738,0,3738,0
2025-12-15,徐州市,12,0,12,0
2025-12-15,无锡市,1535,0,1535,0
2025-12-15,武汉市,4472,0,4472,0
2025-12-15,温州市,2585,521,2064,0
2025-12-15,芜湖市,701,0,701,0
2025-12-15,苏州市,13891,0,13891,0
2025-12-15,金华市,12,9,3,0
2025-12-15,青岛市,1202,0,1202,0
2025-12-16,上海市,5612,1629,3982,1
2025-12-16,南京市,8163,4,8159,0
2025-12-16,南通市,1683,0,1683,0
2025-12-16,合肥市,98,0,98,0
2025-12-16,宁波市,6265,259,6006,0
2025-12-16,常州市,3746,0,3746,0
2025-12-16,徐州市,12,0,12,0
2025-12-16,无锡市,1535,0,1535,0
2025-12-16,武汉市,4472,0,4472,0
2025-12-16,温州市,2685,521,2164,0
2025-12-16,芜湖市,701,0,701,0
2025-12-16,苏州市,13886,0,13886,0
2025-12-16,金华市,12,9,3,0
2025-12-16,青岛市,1202,0,1202,0
2025-12-17,上海市,5639,1649,3989,1
2025-12-17,南京市,8162,4,8158,0
2025-12-17,南通市,1684,0,1684,0
2025-12-17,合肥市,98,0,98,0
2025-12-17,宁波市,6266,259,6007,0
2025-12-17,常州市,3757,0,3757,0
2025-12-17,徐州市,12,0,12,0
2025-12-17,无锡市,1528,0,1528,0
2025-12-17,武汉市,4472,0,4472,0
2025-12-17,温州市,2658,501,2157,0
2025-12-17,芜湖市,701,0,701,0
2025-12-17,苏州市,13881,0,13881,0
2025-12-17,金华市,12,9,3,0
2025-12-17,青岛市,1202,0,1202,0
2025-12-18,上海市,5630,1649,3980,1
2025-12-18,南京市,8161,4,8157,0
2025-12-18,南通市,1684,0,1684,0
2025-12-18,合肥市,98,0,98,0
2025-12-18,宁波市,6239,259,5980,0
2025-12-18,常州市,3765,0,3765,0
2025-12-18,徐州市,12,0,12,0
2025-12-18,无锡市,1563,0,1563,0
2025-12-18,武汉市,4472,0,4472,0
2025-12-18,温州市,2658,501,2157,0
2025-12-18,芜湖市,701,0,701,0
2025-12-18,苏州市,13876,0,13876,0
2025-12-18,金华市,11,9,2,0
2025-12-18,青岛市,1202,0,1202,0
2025-12-19,上海市,5681,1649,4031,1
2025-12-19,南京市,8159,4,8155,0
2025-12-19,南通市,1683,0,1683,0
2025-12-19,合肥市,98,0,98,0
2025-12-19,宁波市,6239,259,5980,0
2025-12-19,常州市,3733,0,3733,0
2025-12-19,徐州市,12,0,12,0
2025-12-19,无锡市,1543,0,1543,0
2025-12-19,杭州市,4,0,4,0
2025-12-19,武汉市,4472,0,4472,0
2025-12-19,温州市,2658,501,2157,0
2025-12-19,芜湖市,701,0,701,0
2025-12-19,苏州市,13876,0,13876,0
2025-12-19,金华市,11,9,2,0
2025-12-19,青岛市,1202,0,1202,0
2025-12-20,上海市,5681,1649,4031,1
2025-12-20,南京市,8160,4,8156,0
2025-12-20,南通市,1683,0,1683,0
2025-12-20,合肥市,98,0,98,0
2025-12-20,宁波市,6239,259,5980,0
2025-12-20,常州市,3731,0,3731,0
2025-12-20,徐州市,12,0,12,0
2025-12-20,无锡市,1550,0,1550,0
2025-12-20,杭州市,4,0,4,0
2025-12-20,武汉市,4472,0,4472,0
2025-12-20,温州市,2658,501,2157,0
2025-12-20,芜湖市,701,0,701,0
2025-12-20,苏州市,13870,0,13870,0
2025-12-20,金华市,11,9,2,0
2025-12-20,青岛市,1202,0,1202,0
2025-12-21,上海市,5681,1649,4031,1
2025-12-21,南京市,8160,4,8156,0
2025-12-21,南通市,1685,0,1685,0
2025-12-21,合肥市,98,0,98,0
2025-12-21,宁波市,6239,259,5980,0
2025-12-21,常州市,3733,0,3733,0
2025-12-21,徐州市,12,0,12,0
2025-12-21,无锡市,1548,0,1548,0
2025-12-21,杭州市,4,0,4,0
2025-12-21,武汉市,4472,0,4472,0
2025-12-21,温州市,2658,501,2157,0
2025-12-21,芜湖市,701,0,701,0
2025-12-21,苏州市,13868,0,13868,0
2025-12-21,金华市,11,9,2,0
2025-12-21,青岛市,1202,0,1202,0
2025-12-22,上海市,5784,1649,4134,1
2025-12-22,南京市,8054,4,8050,0
2025-12-22,南通市,1683,0,1683,0
2025-12-22,合肥市,98,0,98,0
2025-12-22,宁波市,6239,259,5980,0
2025-12-22,常州市,3733,0,3733,0
2025-12-22,徐州市,12,0,12,0
2025-12-22,无锡市,1552,0,1552,0
2025-12-22,杭州市,4,0,4,0
2025-12-22,武汉市,4472,0,4472,0
2025-12-22,温州市,2658,501,2157,0
2025-12-22,芜湖市,701,0,701,0
2025-12-22,苏州市,13868,0,13868,0
2025-12-22,金华市,11,9,2,0
2025-12-22,青岛市,1202,0,1202,0
2025-12-23,上海市,5855,1649,4205,1
2025-12-23,南京市,8053,4,8049,0
2025-12-23,南通市,1618,0,1618,0
2025-12-23,合肥市,98,0,98,0
2025-12-23,宁波市,6238,259,5979,0
2025-12-23,常州市,3738,0,3738,0
2025-12-23,徐州市,12,0,12,0
2025-12-23,无锡市,1549,0,1549,0
2025-12-23,杭州市,4,0,4,0
2025-12-23,武汉市,4472,0,4472,0
2025-12-23,温州市,2658,501,2157,0
2025-12-23,芜湖市,701,0,701,0
2025-12-23,苏州市,13863,0,13863,0
2025-12-23,金华市,11,9,2,0
2025-12-23,青岛市,1202,0,1202,0
2025-12-24,上海市,5845,1698,4146,1
2025-12-24,南京市,8052,4,8048,0
2025-12-24,南通市,1619,0,1619,0
2025-12-24,合肥市,98,0,98,0
2025-12-24,宁波市,6238,259,5979,0
2025-12-24,常州市,3739,0,3739,0
2025-12-24,徐州市,12,0,12,0
2025-12-24,无锡市,1555,0,1555,0
2025-12-24,杭州市,4,0,4,0
2025-12-24,武汉市,4472,0,4472,0
2025-12-24,温州市,2668,452,2216,0
2025-12-24,芜湖市,701,0,701,0
2025-12-24,苏州市,13856,0,13856,0
2025-12-24,金华市,11,9,2,0
2025-12-24,青岛市,1202,0,1202,0
2025-12-25,上海市,6065,1698,4366,1
2025-12-25,南京市,8052,4,8048,0
2025-12-25,南通市,1617,0,1617,0
2025-12-25,合肥市,98,0,98,0
2025-12-25,宁波市,6237,259,5978,0
2025-12-25,常州市,3729,0,3729,0
2025-12-25,徐州市,12,0,12,0
2025-12-25,无锡市,1536,0,1536,0
2025-12-25,杭州市,4,0,4,0
2025-12-25,武汉市,4472,0,4472,0
2025-12-25,温州市,2668,452,2216,0
2025-12-25,芜湖市,701,0,701,0
2025-12-25,苏州市,13668,0,13668,0
2025-12-25,金华市,11,9,2,0
2025-12-25,青岛市,1202,0,1202,0
2025-12-26,上海市,6065,1698,4366,1
2025-12-26,南京市,8051,4,8047,0
2025-12-26,南通市,1617,0,1617,0
2025-12-26,合肥市,98,0,98,0
2025-12-26,宁波市,6237,259,5978,0
2025-12-26,常州市,3730,0,3730,0
2025-12-26,徐州市,12,0,12,0
2025-12-26,无锡市,1538,0,1538,0
2025-12-26,杭州市,4,0,4,0
2025-12-26,武汉市,4472,0,4472,0
2025-12-26,温州市,2668,452,2216,0
2025-12-26,芜湖市,702,0,702,0
2025-12-26,苏州市,13665,0,13665,0
2025-12-26,金华市,11,9,2,0
2025-12-26,青岛市,1202,0,1202,0
2025-12-27,上海市,6065,1698,4366,1
2025-12-27,南京市,8053,4,8049,0
2025-12-27,南通市,1616,0,1616,0
2025-12-27,合肥市,98,0,98,0
2025-12-27,宁波市,6237,259,5978,0
2025-12-27,常州市,3736,0,3736,0
2025-12-27,徐州市,12,0,12,0
2025-12-27,无锡市,1532,0,1532,0
2025-12-27,杭州市,4,0,4,0
2025-12-27,武汉市,4472,0,4472,0
2025-12-27,温州市,2668,452,2216,0
2025-12-27,芜湖市,701,0,701,0
2025-12-27,苏州市,13665,0,13665,0
2025-12-27,金华市,11,9,2,0
2025-12-27,青岛市,1202,0,1202,0
2025-12-28,上海市,6065,1698,4366,1
2025-12-28,南京市,8053,4,8049,0
2025-12-28,南通市,1617,0,1617,0
2025-12-28,合肥市,98,0,98,0
2025-12-28,宁波市,6237,259,5978,0
2025-12-28,常州市,3736,0,3736,0
2025-12-28,徐州市,12,0,12,0
2025-12-28,无锡市,1529,0,1529,0
2025-12-28,杭州市,4,0,4,0
2025-12-28,武汉市,4472,0,4472,0
2025-12-28,温州市,2668,452,2216,0
2025-12-28,芜湖市,701,0,701,0
2025-12-28,苏州市,13667,0,13667,0
2025-12-28,金华市,11,9,2,0
2025-12-28,青岛市,1202,0,1202,0
2025-12-29,上海市,6065,1698,4366,1
2025-12-29,南京市,8056,4,8052,0
2025-12-29,南通市,1618,0,1618,0
2025-12-29,合肥市,98,0,98,0
2025-12-29,宁波市,6237,259,5978,0
2025-12-29,常州市,3735,0,3735,0
2025-12-29,徐州市,12,0,12,0
2025-12-29,无锡市,1528,0,1528,0
2025-12-29,杭州市,4,0,4,0
2025-12-29,武汉市,4472,0,4472,0
2025-12-29,温州市,2668,452,2216,0
2025-12-29,芜湖市,701,0,701,0
2025-12-29,苏州市,13665,0,13665,0
2025-12-29,金华市,11,9,2,0
2025-12-29,青岛市,1202,0,1202,0
2025-12-30,上海市,6287,1698,4588,1
2025-12-30,南京市,8056,4,8052,0
2025-12-30,南通市,1617,0,1617,0
2025-12-30,合肥市,98,0,98,0
2025-12-30,宁波市,6237,259,5978,0
2025-12-30,常州市,3731,0,3731,0
2025-12-30,徐州市,12,0,12,0
2025-12-30,无锡市,1516,0,1516,0
2025-12-30,杭州市,4,0,4,0
2025-12-30,武汉市,4472,0,4472,0
2025-12-30,温州市,2668,452,2216,0
2025-12-30,芜湖市,701,0,701,0
2025-12-30,苏州市,13460,0,13460,0
2025-12-30,金华市,11,9,2,0
2025-12-30,青岛市,1202,0,1202,0
2025-12-31,上海市,6504,1711,4792,1
2025-12-31,南京市,7970,4,7966,0
2025-12-31,南通市,1619,0,1619,0
2025-12-31,合肥市,98,0,98,0
2025-12-31,宁波市,6105,246,5859,0
2025-12-31,常州市,3732,0,3732,0
2025-12-31,徐州市,12,0,12,0
2025-12-31,无锡市,1521,0,1521,0
2025-12-31,杭州市,4,0,4,0
2025-12-31,武汉市,4472,0,4472,0
2025-12-31,温州市,2668,452,2216,0
2025-12-31,芜湖市,701,0,701,0
2025-12-31,苏州市,13453,0,13453,0
2025-12-31,金华市,11,9,2,0
2025-12-31,青岛市,1202,0,1202,0
2026-01-01,上海市,6504,1711,4792,1
2026-01-01,南京市,7972,4,7968,0
2026-01-01,南通市,1617,0,1617,0
2026-01-01,合肥市,98,0,98,0
2026-01-01,宁波市,6105,246,5859,0
2026-01-01,常州市,3725,0,3725,0
2026-01-01,徐州市,12,0,12,0
2026-01-01,无锡市,1524,0,1524,0
2026-01-01,杭州市,4,0,4,0
2026-01-01,武汉市,4472,0,4472,0
2026-01-01,温州市,2668,452,2216,0
2026-01-01,芜湖市,701,0,701,0
2026-01-01,苏州市,13457,0,13457,0
2026-01-01,金华市,11,9,2,0
2026-01-01,青岛市,1202,0,1202,0
2026-01-02,上海市,6504,1711,4792,1
2026-01-02,南京市,7971,4,7967,0
2026-01-02,南通市,1616,0,1616,0
2026-01-02,合肥市,98,0,98,0
2026-01-02,宁波市,6106,246,5860,0
2026-01-02,常州市,3738,0,3738,0
2026-01-02,徐州市,12,0,12,0
2026-01-02,无锡市,1510,0,1510,0
2026-01-02,杭州市,4,0,4,0
2026-01-02,武汉市,4472,0,4472,0
2026-01-02,泉州市,200,0,200,0
2026-01-02,温州市,2668,452,2216,0
2026-01-02,芜湖市,701,0,701,0
2026-01-02,苏州市,13459,0,13459,0
2026-01-02,金华市,11,9,2,0
2026-01-02,青岛市,1202,0,1202,0
2026-01-03,上海市,6504,1711,4792,1
2026-01-03,南京市,7970,4,7966,0
2026-01-03,南通市,1616,0,1616,0
2026-01-03,合肥市,98,0,98,0
2026-01-03,宁波市,6106,246,5860,0
2026-01-03,常州市,3735,0,3735,0
2026-01-03,徐州市,12,0,12,0
2026-01-03,无锡市,1516,0,1516,0
2026-01-03,杭州市,4,0,4,0
2026-01-03,武汉市,4472,0,4472,0
2026-01-03,泉州市,200,0,200,0
2026-01-03,温州市,2668,452,2216,0
2026-01-03,芜湖市,701,0,701,0
2026-01-03,苏州市,13457,0,13457,0
2026-01-03,金华市,11,9,2,0
2026-01-03,青岛市,1202,0,1202,0
2026-01-04,上海市,6580,1711,4868,1
2026-01-04,南京市,7894,4,7890,0
2026-01-04,南通市,1616,0,1616,0
2026-01-04,合肥市,98,0,98,0
2026-01-04,宁波市,6106,246,5860,0
2026-01-04,常州市,3728,0,3728,0
2026-01-04,徐州市,12,0,12,0
2026-01-04,无锡市,1524,0,1524,0
2026-01-04,杭州市,4,0,4,0
2026-01-04,武汉市,4472,0,4472,0
2026-01-04,泉州市,200,0,200,0
2026-01-04,温州市,2668,452,2216,0
2026-01-04,芜湖市,701,0,701,0
2026-01-04,苏州市,13456,0,13456,0
2026-01-04,金华市,11,9,2,0
2026-01-04,青岛市,1202,0,1202,0
2026-01-05,上海市,6532,1711,4820,1
2026-01-05,南京市,7894,4,7890,0
2026-01-05,南通市,1612,0,1612,0
2026-01-05,合肥市,98,0,98,0
2026-01-05,宁波市,6106,246,5860,0
2026-01-05,常州市,3730,0,3730,0
2026-01-05,徐州市,12,0,12,0
2026-01-05,无锡市,1521,0,1521,0
2026-01-05,杭州市,4,0,4,0
2026-01-05,武汉市,4472,0,4472,0
2026-01-05,泉州市,200,0,200,0
2026-01-05,温州市,2718,452,2266,0
2026-01-05,芜湖市,701,0,701,0
2026-01-05,苏州市,13459,0,13459,0
2026-01-05,金华市,11,9,2,0
2026-01-05,青岛市,1202,0,1202,0
2026-01-06,上海市,6587,1751,4835,1
2026-01-06,南京市,7895,4,7891,0
2026-01-06,南通市,1612,0,1612,0
2026-01-06,合肥市,98,0,98,0
2026-01-06,宁波市,6106,246,5860,0
2026-01-06,常州市,3728,0,3728,0
2026-01-06,徐州市,12,0,12,0
2026-01-06,无锡市,1521,0,1521,0
2026-01-06,杭州市,4,0,4,0
2026-01-06,武汉市,4472,0,4472,0
2026-01-06,泉州市,200,0,200,0
2026-01-06,温州市,2663,412,2251,0
2026-01-06,芜湖市,701,0,701,0
2026-01-06,苏州市,13460,0,13460,0
2026-01-06,金华市,11,9,2,0
2026-01-06,青岛市,1202,0,1202,0
2026-01-07,上海市,6633,1751,4881,1
2026-01-07,南京市,7849,4,7845,0
2026-01-07,南通市,1612,0,1612,0
2026-01-07,合肥市,98,0,98,0
2026-01-07,宁波市,6106,246,5860,0
2026-01-07,常州市,3737,0,3737,0
2026-01-07,徐州市,12,0,12,0
2026-01-07,无锡市,1510,0,1510,0
2026-01-07,杭州市,4,0,4,0
2026-01-07,武汉市,4472,0,4472,0
2026-01-07,泉州市,200,0,200,0
2026-01-07,温州市,2663,412,2251,0
2026-01-07,芜湖市,701,0,701,0
2026-01-07,苏州市,13462,0,13462,0
2026-01-07,金华市,11,9,2,0
2026-01-07,青岛市,1202,0,1202,0
2026-01-08,上海市,6633,1751,4881,1
2026-01-08,南京市,7849,4,7845,0
2026-01-08,南通市,1612,0,1612,0
2026-01-08,合肥市,98,0,98,0
2026-01-08,宁波市,6106,246,5860,0
2026-01-08,常州市,3732,0,3732,0
2026-01-08,徐州市,12,0,12,0
2026-01-08,无锡市,1518,0,1518,0
2026-01-08,杭州市,4,0,4,0
2026-01-08,武汉市,4472,0,4472,0
2026-01-08,泉州市,200,0,200,0
2026-01-08,温州市,2663,412,2251,0
2026-01-08,芜湖市,701,0,701,0
2026-01-08,苏州市,13459,0,13459,0
2026-01-08,金华市,11,9,2,0
2026-01-08,青岛市,1202,0,1202,0
2026-01-09,上海市,6632,1751,4880,1
2026-01-09,南京市,7847,4,7843,0
2026-01-09,南通市,1612,0,1612,0
2026-01-09,合肥市,98,0,98,0
2026-01-09,宁波市,6105,246,5859,0
2026-01-09,常州市,3742,0,3742,0
2026-01-09,徐州市,12,0,12,0
2026-01-09,无锡市,1516,0,1516,0
2026-01-09,杭州市,4,0,4,0
2026-01-09,武汉市,4472,0,4472,0
2026-01-09,泉州市,200,0,200,0
2026-01-09,温州市,2663,412,2251,0
2026-01-09,芜湖市,701,0,701,0
2026-01-09,苏州市,13455,0,13455,0
2026-01-09,金华市,11,9,2,0
2026-01-09,青岛市,1202,0,1202,0
2026-01-10,上海市,6632,1751,4880,1
2026-01-10,南京市,7847,4,7843,0
2026-01-10,南通市,1612,0,1612,0
2026-01-10,合肥市,98,0,98,0
2026-01-10,宁波市,6105,246,5859,0
2026-01-10,常州市,3741,0,3741,0
2026-01-10,徐州市,12,0,12,0
2026-01-10,无锡市,1516,0,1516,0
2026-01-10,杭州市,4,0,4,0
2026-01-10,武汉市,4472,0,4472,0
2026-01-10,泉州市,200,0,200,0
2026-01-10,温州市,2663,412,2251,0
2026-01-10,芜湖市,701,0,701,0
2026-01-10,苏州市,13456,0,13456,0
2026-01-10,金华市,11,9,2,0
2026-01-10,青岛市,1202,0,1202,0
2026-01-11,上海市,6632,1751,4880,1
2026-01-11,南京市,7847,4,7843,0
2026-01-11,南通市,1612,0,1612,0
2026-01-11,合肥市,98,0,98,0
2026-01-11,宁波市,6105,246,5859,0
2026-01-11,常州市,3738,0,3738,0
2026-01-11,徐州市,12,0,12,0
2026-01-11,无锡市,1518,0,1518,0
2026-01-11,杭州市,4,0,4,0
2026-01-11,武汉市,4472,0,4472,0
2026-01-11,泉州市,200,0,200,0
2026-01-11,温州市,2663,412,2251,0
2026-01-11,芜湖市,701,0,701,0
2026-01-11,苏州市,13457,0,13457,0
2026-01-11,金华市,11,9,2,0
2026-01-11,青岛市,1202,0,1202,0
2026-01-12,上海市,6632,1751,4880,1
2026-01-12,南京市,7848,4,7844,0
2026-01-12,南通市,1612,0,1612,0
2026-01-12,合肥市,98,0,98,0
2026-01-12,宁波市,6105,246,5859,0
2026-01-12,常州市,3741,0,3741,0
2026-01-12,徐州市,12,0,12,0
2026-01-12,无锡市,1513,0,1513,0
2026-01-12,杭州市,204,0,204,0
2026-01-12,武汉市,4472,0,4472,0
2026-01-12,泉州市,200,0,200,0
2026-01-12,温州市,2663,412,2251,0
2026-01-12,芜湖市,701,0,701,0
2026-01-12,苏州市,13458,0,13458,0
2026-01-12,金华市,11,9,2,0
2026-01-12,青岛市,1202,0,1202,0
2026-01-13,上海市,6632,1751,4880,1
2026-01-13,南京市,7848,4,7844,0
2026-01-13,南通市,1611,0,1611,0
2026-01-13,合肥市,98,0,98,0
2026-01-13,宁波市,6105,246,5859,0
2026-01-13,常州市,3739,0,3739,0
2026-01-13,徐州市,12,0,12,0
2026-01-13,无锡市,1514,0,1514,0
2026-01-13,杭州市,204,0,204,0
2026-01-13,武汉市,4472,0,4472,0
2026-01-13,泉州市,200,0,200,0
2026-01-13,温州市,2663,412,2251,0
2026-01-13,芜湖市,701,0,701,0
2026-01-13,苏州市,13460,0,13460,0
2026-01-13,金华市,11,9,2,0
2026-01-13,青岛市,1202,0,1202,0
2026-01-14,上海市,6629,1658,4970,1
2026-01-14,南京市,7873,104,7769,0
2026-01-14,南通市,1612,0,1612,0
2026-01-14,合肥市,98,0,98,0
2026-01-14,宁波市,6098,239,5859,0
2026-01-14,常州市,3741,0,3741,0
2026-01-14,徐州市,12,0,12,0
2026-01-14,无锡市,1500,0,1500,0
2026-01-14,杭州市,204,0,204,0
2026-01-14,武汉市,4472,0,4472,0
2026-01-14,泉州市,200,0,200,0
2026-01-14,温州市,2663,412,2251,0
2026-01-14,芜湖市,701,0,701,0
2026-01-14,苏州市,13456,0,13456,0
2026-01-14,金华市,11,9,2,0
2026-01-14,青岛市,1202,0,1202,0
2026-01-15,上海市,6620,1658,4961,1
2026-01-15,南京市,7873,104,7769,0
2026-01-15,南通市,1612,0,1612,0
2026-01-15,合肥市,98,0,98,0
2026-01-15,宁波市,6098,239,5859,0
2026-01-15,常州市,3743,0,3743,0
2026-01-15,徐州市,12,0,12,0
2026-01-15,无锡市,1507,0,1507,0
2026-01-15,杭州市,204,0,204,0
2026-01-15,武汉市,4472,0,4472,0
2026-01-15,泉州市,200,0,200,0
2026-01-15,温州市,2663,412,2251,0
2026-01-15,芜湖市,701,0,701,0
2026-01-15,苏州市,13456,0,13456,0
2026-01-15,金华市,11,9,2,0
2026-01-15,青岛市,1202,0,1202,0
2026-01-16,上海市,6614,1658,4955,1
2026-01-16,南京市,7872,104,7768,0
2026-01-16,南通市,1612,0,1612,0
2026-01-16,合肥市,98,0,98,0
2026-01-16,宁波市,6098,239,5859,0
2026-01-16,常州市,3742,0,3742,0
2026-01-16,徐州市,12,0,12,0
2026-01-16,无锡市,1513,0,1513,0
2026-01-16,杭州市,204,0,204,0
2026-01-16,武汉市,4472,0,4472,0
2026-01-16,泉州市,200,0,200,0
2026-01-16,温州市,2663,412,2251,0
2026-01-16,芜湖市,701,0,701,0
2026-01-16,苏州市,13458,0,13458,0
2026-01-16,金华市,11,9,2,0
2026-01-16,青岛市,1202,0,1202,0
2026-01-17,上海市,6757,1658,5098,1
2026-01-17,南京市,7799,104,7695,0
2026-01-17,南通市,1612,0,1612,0
2026-01-17,合肥市,98,0,98,0
2026-01-17,宁波市,6098,239,5859,0
2026-01-17,常州市,3665,0,3665,0
2026-01-17,徐州市,12,0,12,0
2026-01-17,无锡市,1518,0,1518,0
2026-01-17,杭州市,279,0,279,0
2026-01-17,武汉市,4472,0,4472,0
2026-01-17,泉州市,200,0,200,0
2026-01-17,温州市,2663,412,2251,0
2026-01-17,芜湖市,701,0,701,0
2026-01-17,苏州市,13460,0,13460,0
2026-01-17,金华市,11,9,2,0
2026-01-17,青岛市,1202,0,1202,0
2026-01-18,上海市,6757,1658,5098,1
2026-01-18,南京市,7798,104,7694,0
2026-01-18,南通市,1613,0,1613,0
2026-01-18,合肥市,98,0,98,0
2026-01-18,宁波市,6098,239,5859,0
2026-01-18,常州市,3673,0,3673,0
2026-01-18,徐州市,12,0,12,0
2026-01-18,无锡市,1512,0,1512,0
2026-01-18,杭州市,279,0,279,0
2026-01-18,武汉市,4472,0,4472,0
2026-01-18,泉州市,200,0,200,0
2026-01-18,温州市,2663,412,2251,0
2026-01-18,芜湖市,701,0,701,0
2026-01-18,苏州市,13458,0,13458,0
2026-01-18,金华市,11,9,2,0
2026-01-18,青岛市,1202,0,1202,0
2026-01-19,上海市,6757,1658,5098,1
2026-01-19,南京市,7798,104,7694,0
2026-01-19,南通市,1612,0,1612,0
2026-01-19,合肥市,98,0,98,0
2026-01-19,宁波市,6098,239,5859,0
2026-01-19,常州市,3674,0,3674,0
2026-01-19,徐州市,12,0,12,0
2026-01-19,无锡市,1514,0,1514,0
2026-01-19,杭州市,404,0,404,0
2026-01-19,武汉市,4472,0,4472,0
2026-01-19,泉州市,200,0,200,0
2026-01-19,温州市,2663,412,2251,0
2026-01-19,芜湖市,701,0,701,0
2026-01-19,苏州市,13456,0,13456,0
2026-01-19,金华市,11,9,2,0
2026-01-19,青岛市,1202,0,1202,0
2026-01-20,上海市,6757,1658,5098,1
2026-01-20,南京市,7798,104,7694,0
2026-01-20,南通市,1613,0,1613,0
2026-01-20,合肥市,98,0,98,0
2026-01-20,宁波市,6098,239,5859,0
2026-01-20,常州市,3676,0,3676,0
2026-01-20,徐州市,12,0,12,0
2026-01-20,无锡市,1511,0,1511,0
2026-01-20,杭州市,404,0,404,0
2026-01-20,武汉市,4472,0,4472,0
2026-01-20,泉州市,200,0,200,0
2026-01-20,温州市,2663,412,2251,0
2026-01-20,芜湖市,701,0,701,0
2026-01-20,苏州市,13456,0,13456,0
2026-01-20,金华市,11,9,2,0
2026-01-20,青岛市,1202,0,1202,0
2026-01-21,上海市,6897,1658,5238,1
2026-01-21,南京市,7797,104,7693,0
2026-01-21,南通市,1612,0,1612,0
2026-01-21,合肥市,98,0,98,0
2026-01-21,宁波市,6098,239,5859,0
2026-01-21,常州市,3672,0,3672,0
2026-01-21,徐州市,12,0,12,0
2026-01-21,无锡市,1516,0,1516,0
2026-01-21,杭州市,404,0,404,0
2026-01-21,武汉市,4332,0,4332,0
2026-01-21,泉州市,200,0,200,0
2026-01-21,温州市,2663,412,2251,0
2026-01-21,芜湖市,701,0,701,0
2026-01-21,苏州市,13457,0,13457,0
2026-01-21,金华市,11,9,2,0
2026-01-21,青岛市,1202,0,1202,0
2026-01-22,上海市,6897,1658,5238,1
2026-01-22,南京市,7797,104,7693,0
2026-01-22,南通市,1613,0,1613,0
2026-01-22,合肥市,98,0,98,0
2026-01-22,宁波市,6098,239,5859,0
2026-01-22,常州市,3670,0,3670,0
2026-01-22,徐州市,12,0,12,0
2026-01-22,无锡市,1519,0,1519,0
2026-01-22,杭州市,404,0,404,0
2026-01-22,武汉市,4332,0,4332,0
2026-01-22,泉州市,400,0,400,0
2026-01-22,温州市,2663,412,2251,0
2026-01-22,芜湖市,701,0,701,0
2026-01-22,苏州市,13455,0,13455,0
2026-01-22,金华市,11,9,2,0
2026-01-22,青岛市,1202,0,1202,0
2026-01-23,上海市,6897,1658,5238,1
2026-01-23,南京市,7797,104,7693,0
2026-01-23,南通市,1612,0,1612,0
2026-01-23,合肥市,98,0,98,0
2026-01-23,宁波市,6098,239,5859,0
2026-01-23,常州市,3672,0,3672,0
2026-01-23,徐州市,12,0,12,0
2026-01-23,无锡市,1515,0,1515,0
2026-01-23,杭州市,404,0,404,0
2026-01-23,武汉市,4332,0,4332,0
2026-01-23,泉州市,400,0,400,0
2026-01-23,温州市,2663,412,2251,0
2026-01-23,芜湖市,701,0,701,0
2026-01-23,苏州市,13660,0,13458,202
2026-01-23,金华市,11,9,2,0
2026-01-23,青岛市,1199,0,1199,0
2026-01-24,上海市,7032,1658,5373,1
2026-01-24,南京市,7797,104,7693,0
2026-01-24,南通市,1612,0,1612,0
2026-01-24,合肥市,98,0,98,0
2026-01-24,宁波市,6098,239,5859,0
2026-01-24,常州市,3677,0,3677,0
2026-01-24,徐州市,12,0,12,0
2026-01-24,无锡市,1512,0,1512,0
2026-01-24,杭州市,404,0,404,0
2026-01-24,武汉市,4332,0,4332,0
2026-01-24,泉州市,400,0,400,0
2026-01-24,温州市,2763,412,2351,0
2026-01-24,芜湖市,701,0,701,0
2026-01-24,苏州市,13423,0,13221,202
2026-01-24,金华市,11,9,2,0
2026-01-24,青岛市,1199,0,1199,0
2026-01-25,上海市,7121,1707,5413,1
2026-01-25,南京市,7797,104,7693,0
2026-01-25,南通市,1611,0,1611,0
2026-01-25,合肥市,98,0,98,0
2026-01-25,宁波市,6098,239,5859,0
2026-01-25,常州市,3673,0,3673,0
2026-01-25,徐州市,12,0,12,0
2026-01-25,无锡市,1514,0,1514,0
2026-01-25,杭州市,404,0,404,0
2026-01-25,武汉市,4332,0,4332,0
2026-01-25,泉州市,400,0,400,0
2026-01-25,温州市,2674,363,2311,0
2026-01-25,芜湖市,701,0,701,0
2026-01-25,苏州市,13426,0,13224,202
2026-01-25,金华市,11,9,2,0
2026-01-25,青岛市,1199,0,1199,0
2026-01-26,上海市,7219,1710,5508,1
2026-01-26,南京市,7699,101,7598,0
2026-01-26,南通市,1611,0,1611,0
2026-01-26,合肥市,98,0,98,0
2026-01-26,宁波市,6098,239,5859,0
2026-01-26,常州市,3668,0,3668,0
2026-01-26,徐州市,12,0,12,0
2026-01-26,无锡市,1520,0,1520,0
2026-01-26,杭州市,404,0,404,0
2026-01-26,武汉市,4332,0,4332,0
2026-01-26,泉州市,600,0,600,0
2026-01-26,温州市,2674,363,2311,0
2026-01-26,芜湖市,701,0,701,0
2026-01-26,苏州市,13425,0,13223,202
2026-01-26,金华市,11,9,2,0
2026-01-26,青岛市,1199,0,1199,0
2026-01-27,上海市,7221,1710,5510,1
2026-01-27,南京市,7697,101,7596,0
2026-01-27,南通市,1611,0,1611,0
2026-01-27,合肥市,98,0,98,0
2026-01-27,宁波市,6098,239,5859,0
2026-01-27,常州市,3672,0,3672,0
2026-01-27,徐州市,12,0,12,0
2026-01-27,无锡市,1516,0,1516,0
2026-01-27,杭州市,404,0,404,0
2026-01-27,武汉市,4332,0,4332,0
2026-01-27,泉州市,600,0,600,0
2026-01-27,温州市,2674,363,2311,0
2026-01-27,芜湖市,701,0,701,0
2026-01-27,苏州市,13425,0,13223,202
2026-01-27,金华市,11,9,2,0
2026-01-27,青岛市,1199,0,1199,0
2026-01-28,上海市,7315,1710,5604,1
2026-01-28,南京市,7603,101,7502,0
2026-01-28,南通市,1609,0,1609,0
2026-01-28,合肥市,98,0,98,0
2026-01-28,宁波市,6097,239,5858,0
2026-01-28,常州市,3675,0,3675,0
2026-01-28,徐州市,12,0,12,0
2026-01-28,无锡市,1511,0,1511,0
2026-01-28,杭州市,604,0,604,0
2026-01-28,武汉市,4332,0,4332,0
2026-01-28,泉州市,600,0,600,0
2026-01-28,温州市,2675,363,2312,0
2026-01-28,芜湖市,701,0,701,0
2026-01-28,苏州市,13429,0,13227,202
2026-01-28,金华市,11,9,2,0
2026-01-28,青岛市,1199,0,1199,0
2026-01-29,上海市,7555,1727,5827,1
2026-01-29,南京市,7604,101,7503,0
2026-01-29,南通市,1609,0,1609,0
2026-01-29,合肥市,98,0,98,0
2026-01-29,宁波市,5858,222,5636,0
2026-01-29,常州市,3680,0,3680,0
2026-01-29,徐州市,12,0,12,0
2026-01-29,无锡市,1505,0,1505,0
2026-01-29,杭州市,604,0,604,0
2026-01-29,武汉市,4332,0,4332,0
2026-01-29,泉州市,600,0,600,0
2026-01-29,温州市,2674,363,2311,0
2026-01-29,芜湖市,701,0,701,0
2026-01-29,苏州市,13429,0,13227,202
2026-01-29,金华市,11,9,2,0
2026-01-29,青岛市,1199,0,1199,0
2026-01-30,上海市,7555,1727,5827,1
2026-01-30,南京市,7604,101,7503,0
2026-01-30,南通市,1609,0,1609,0
2026-01-30,合肥市,98,0,98,0
2026-01-30,宁波市,5858,222,5636,0
2026-01-30,常州市,3680,0,3680,0
2026-01-30,徐州市,12,0,12,0
2026-01-30,无锡市,1505,0,1505,0
2026-01-30,杭州市,604,0,604,0
2026-01-30,武汉市,4332,0,4332,0
2026-01-30,泉州市,600,0,600,0
2026-01-30,温州市,2674,363,2311,0
2026-01-30,芜湖市,701,0,701,0
2026-01-30,苏州市,13429,0,13227,202
2026-01-30,金华市,11,9,2,0
2026-01-30,青岛市,1199,0,1199,0
2026-01-31,上海市,8015,1727,6287,1
2026-01-31,南京市,7603,101,7502,0
2026-01-31,南通市,1611,0,1611,0
2026-01-31,合肥市,98,0,98,0
2026-01-31,宁波市,5858,222,5636,0
2026-01-31,常州市,3676,0,3676,0
2026-01-31,徐州市,12,0,12,0
2026-01-31,无锡市,1507,0,1507,0
2026-01-31,杭州市,604,0,604,0
2026-01-31,武汉市,4332,0,4332,0
2026-01-31,泉州市,600,0,600,0
2026-01-31,温州市,2673,363,2310,0
2026-01-31,芜湖市,701,0,701,0
2026-01-31,苏州市,12971,0,12769,202
2026-01-31,金华市,11,9,2,0
2026-01-31,青岛市,1199,0,1199,0
2026-02-01,上海市,8015,1727,6287,1
2026-02-01,南京市,7604,101,7503,0
2026-02-01,南通市,1611,0,1611,0
2026-02-01,合肥市,98,0,98,0
2026-02-01,宁波市,5858,222,5636,0
2026-02-01,常州市,3678,0,3678,0
2026-02-01,徐州市,12,0,12,0
2026-02-01,无锡市,1502,0,1502,0
2026-02-01,杭州市,604,0,604,0
2026-02-01,武汉市,4332,0,4332,0
2026-02-01,泉州市,600,0,600,0
2026-02-01,温州市,2673,363,2310,0
2026-02-01,芜湖市,701,0,701,0
2026-02-01,苏州市,12973,0,12771,202
2026-02-01,金华市,11,9,2,0
2026-02-01,青岛市,1199,0,1199,0
2026-02-02,上海市,8333,1731,6549,53
2026-02-02,南京市,7508,97,7411,0
2026-02-02,南通市,1611,0,1611,0
2026-02-02,合肥市,98,0,98,0
2026-02-02,宁波市,5858,222,5636,0
2026-02-02,常州市,3674,0,3674,0
2026-02-02,徐州市,12,0,12,0
2026-02-02,无锡市,1508,0,1508,0
2026-02-02,杭州市,604,0,604,0
2026-02-02,武汉市,4332,0,4332,0
2026-02-02,泉州市,600,0,600,0
2026-02-02,温州市,2673,363,2310,0
2026-02-02,芜湖市,701,0,701,0
2026-02-02,苏州市,12749,0,12599,150
2026-02-02,金华市,11,9,2,0
2026-02-02,青岛市,1199,0,1199,0
2026-02-03,上海市,8422,1731,6638,53
2026-02-03,南京市,7418,97,7321,0
2026-02-03,南通市,1613,0,1613,0
2026-02-03,台州市,333,0,333,0
2026-02-03,合肥市,98,0,98,0
2026-02-03,宁波市,5858,222,5636,0
2026-02-03,常州市,3681,0,3681,0
2026-02-03,徐州市,12,0,12,0
2026-02-03,无锡市,1499,0,1499,0
2026-02-03,杭州市,604,0,604,0
2026-02-03,武汉市,4332,0,4332,0
2026-02-03,泉州市,600,0,600,0
2026-02-03,温州市,2340,363,1977,0
2026-02-03,芜湖市,701,0,701,0
2026-02-03,苏州市,12750,0,12600,150
2026-02-03,金华市,11,9,2,0
2026-02-03,青岛市,1199,0,1199,0
2026-02-04,上海市,8506,1731,6722,53
2026-02-04,南京市,7336,97,7239,0
2026-02-04,南通市,1612,0,1612,0
2026-02-04,台州市,416,0,416,0
2026-02-04,合肥市,98,0,98,0
2026-02-04,宁波市,5858,222,5636,0
2026-02-04,常州市,3667,0,3667,0
2026-02-04,徐州市,12,0,12,0
2026-02-04,无锡市,1512,0,1512,0
2026-02-04,杭州市,805,0,805,0
2026-02-04,武汉市,4332,0,4332,0
2026-02-04,泉州市,600,0,600,0
2026-02-04,温州市,2257,363,1894,0
2026-02-04,芜湖市,701,0,701,0
2026-02-04,苏州市,12749,0,12599,150
2026-02-04,金华市,11,9,2,0
2026-02-04,青岛市,1199,0,1199,0
2026-02-05,上海市,8591,1731,6807,53
2026-02-05,南京市,7251,97,7154,0
2026-02-05,南通市,1612,0,1612,0
2026-02-05,台州市,439,0,439,0
2026-02-05,合肥市,98,0,98,0
2026-02-05,宁波市,5858,222,5636,0
2026-02-05,常州市,3672,0,3672,0
2026-02-05,徐州市,12,0,12,0
2026-02-05,无锡市,1511,0,1511,0
2026-02-05,杭州市,1005,0,1005,0
2026-02-05,武汉市,4332,0,4332,0
2026-02-05,泉州市,600,0,600,0
2026-02-05,温州市,2234,363,1871,0
2026-02-05,芜湖市,701,0,701,0
2026-02-05,苏州市,12745,0,12595,150
2026-02-05,金华市,11,9,2,0
2026-02-05,青岛市,1199,0,1199,0
2026-02-06,上海市,8442,1731,6658,53
2026-02-06,南京市,7251,97,7154,0
2026-02-06,南通市,1612,0,1612,0
2026-02-06,台州市,451,0,451,0
2026-02-06,合肥市,98,0,98,0
2026-02-06,宁波市,5858,222,5636,0
2026-02-06,常州市,3823,0,3823,0
2026-02-06,徐州市,12,0,12,0
2026-02-06,无锡市,1509,0,1509,0
2026-02-06,杭州市,1005,0,1005,0
2026-02-06,武汉市,4332,0,4332,0
2026-02-06,泉州市,600,0,600,0
2026-02-06,温州市,2222,363,1859,0
2026-02-06,芜湖市,701,0,701,0
2026-02-06,苏州市,12745,0,12595,150
2026-02-06,金华市,11,9,2,0
2026-02-06,青岛市,1199,0,1199,0
2026-02-07,上海市,8895,1732,7110,53
2026-02-07,南京市,7134,96,7038,0
2026-02-07,南通市,1612,0,1612,0
2026-02-07,台州市,461,0,461,0
2026-02-07,合肥市,98,0,98,0
2026-02-07,宁波市,5858,222,5636,0
2026-02-07,常州市,3591,0,3591,0
2026-02-07,徐州市,12,0,12,0
2026-02-07,无锡市,1461,0,1461,0
2026-02-07,杭州市,1004,0,1004,0
2026-02-07,武汉市,4332,0,4332,0
2026-02-07,泉州市,600,0,600,0
2026-02-07,温州市,2212,363,1849,0
2026-02-07,芜湖市,646,0,646,0
2026-02-07,苏州市,12745,0,12595,150
2026-02-07,金华市,11,9,2,0
2026-02-07,青岛市,1199,0,1199,0
2026-02-08,上海市,8909,1668,7188,53
2026-02-08,南京市,7198,160,7038,0
2026-02-08,南通市,1533,0,1533,0
2026-02-08,台州市,466,0,466,0
2026-02-08,合肥市,98,0,98,0
2026-02-08,宁波市,5858,222,5636,0
2026-02-08,常州市,3589,0,3589,0
2026-02-08,徐州市,12,0,12,0
2026-02-08,无锡市,1459,0,1459,0
2026-02-08,杭州市,1004,0,1004,0
2026-02-08,武汉市,4332,0,4332,0
2026-02-08,泉州市,600,0,600,0
2026-02-08,温州市,2207,363,1844,0
2026-02-08,芜湖市,646,0,646,0
2026-02-08,苏州市,12750,0,12600,150
2026-02-08,金华市,11,9,2,0
2026-02-08,青岛市,1199,0,1199,0
2026-02-09,上海市,9003,1669,7281,53
2026-02-09,南京市,7103,159,6944,0
2026-02-09,南通市,1533,0,1533,0
2026-02-09,台州市,466,0,466,0
2026-02-09,合肥市,98,0,98,0
2026-02-09,宁波市,5858,222,5636,0
2026-02-09,常州市,3590,0,3590,0
2026-02-09,徐州市,12,0,12,0
2026-02-09,无锡市,1460,0,1460,0
2026-02-09,杭州市,1004,0,1004,0
2026-02-09,武汉市,4332,0,4332,0
2026-02-09,泉州市,600,0,600,0
2026-02-09,温州市,2207,363,1844,0
2026-02-09,芜湖市,646,0,646,0
2026-02-09,苏州市,12749,0,12599,150
2026-02-09,金华市,11,9,2,0
2026-02-09,青岛市,1199,0,1199,0
2026-02-10,上海市,9006,1669,7284,53
2026-02-10,南京市,7103,159,6944,0
2026-02-10,南通市,1533,0,1533,0
2026-02-10,台州市,468,0,468,0
2026-02-10,合肥市,98,0,98,0
2026-02-10,宁波市,5858,222,5636,0
2026-02-10,常州市,3588,0,3588,0
2026-02-10,徐州市,12,0,12,0
2026-02-10,无锡市,1463,0,1463,0
2026-02-10,杭州市,1004,0,1004,0
2026-02-10,武汉市,4332,0,4332,0
2026-02-10,泉州市,600,0,600,0
2026-02-10,温州市,2205,363,1842,0
2026-02-10,芜湖市,646,0,646,0
2026-02-10,苏州市,12745,0,12595,150
2026-02-10,金华市,11,9,2,0
2026-02-10,青岛市,1199,0,1199,0
2026-02-11,上海市,9104,1670,7381,53
2026-02-11,南京市,7004,158,6846,0
2026-02-11,南通市,1532,0,1532,0
2026-02-11,台州市,471,0,471,0
2026-02-11,合肥市,98,0,98,0
2026-02-11,宁波市,5857,222,5635,0
2026-02-11,常州市,3594,0,3594,0
2026-02-11,徐州市,12,0,12,0
2026-02-11,无锡市,1457,0,1457,0
2026-02-11,杭州市,1004,0,1004,0
2026-02-11,武汉市,4332,0,4332,0
2026-02-11,泉州市,600,0,600,0
2026-02-11,温州市,2202,363,1839,0
2026-02-11,芜湖市,646,0,646,0
2026-02-11,苏州市,12748,0,12598,150
2026-02-11,金华市,11,9,2,0
2026-02-11,青岛市,1199,0,1199,0
2026-02-12,上海市,9104,1670,7381,53
2026-02-12,南京市,7003,158,6845,0
2026-02-12,南通市,1533,0,1533,0
2026-02-12,台州市,472,0,472,0
2026-02-12,合肥市,98,0,98,0
2026-02-12,宁波市,5857,222,5635,0
2026-02-12,常州市,3594,0,3594,0
2026-02-12,徐州市,12,0,12,0
2026-02-12,无锡市,1459,0,1459,0
2026-02-12,杭州市,1004,0,1004,0
2026-02-12,武汉市,4332,0,4332,0
2026-02-12,泉州市,600,0,600,0
2026-02-12,温州市,2201,363,1838,0
2026-02-12,芜湖市,646,0,646,0
2026-02-12,苏州市,12746,0,12596,150
2026-02-12,金华市,11,9,2,0
2026-02-12,青岛市,1199,0,1199,0
2026-02-13,上海市,9069,1635,7381,53
2026-02-13,南京市,7039,193,6846,0
2026-02-13,南通市,1534,0,1534,0
2026-02-13,台州市,472,0,472,0
2026-02-13,合肥市,98,0,98,0
2026-02-13,宁波市,5857,222,5635,0
2026-02-13,常州市,3595,0,3595,0
2026-02-13,徐州市,12,0,12,0
2026-02-13,无锡市,1457,0,1457,0
2026-02-13,杭州市,1004,0,1004,0
2026-02-13,武汉市,4332,0,4332,0
2026-02-13,泉州市,600,0,600,0
2026-02-13,温州市,2201,363,1838,0
2026-02-13,芜湖市,646,0,646,0
2026-02-13,苏州市,12745,0,12595,150
2026-02-13,金华市,11,9,2,0
2026-02-13,青岛市,1199,0,1199,0
2026-02-14,上海市,9069,1635,7381,53
2026-02-14,南京市,7039,193,6846,0
2026-02-14,南通市,1534,0,1534,0
2026-02-14,台州市,473,0,473,0
2026-02-14,合肥市,98,0,98,0
2026-02-14,宁波市,5857,222,5635,0
2026-02-14,常州市,3593,0,3593,0
2026-02-14,徐州市,12,0,12,0
2026-02-14,无锡市,1462,0,1462,0
2026-02-14,杭州市,1004,0,1004,0
2026-02-14,武汉市,4332,0,4332,0
2026-02-14,泉州市,600,0,600,0
2026-02-14,温州市,2200,363,1837,0
2026-02-14,芜湖市,646,0,646,0
2026-02-14,苏州市,12742,0,12592,150
2026-02-14,金华市,11,9,2,0
2026-02-14,青岛市,1199,0,1199,0
2026-02-15,上海市,9069,1635,7381,53
2026-02-15,南京市,7040,193,6847,0
2026-02-15,南通市,1534,0,1534,0
2026-02-15,台州市,471,0,471,0
2026-02-15,合肥市,98,0,98,0
2026-02-15,宁波市,5857,222,5635,0
2026-02-15,常州市,3597,0,3597,0
2026-02-15,徐州市,12,0,12,0
2026-02-15,无锡市,1458,0,1458,0
2026-02-15,杭州市,1004,0,1004,0
2026-02-15,武汉市,4332,0,4332,0
2026-02-15,泉州市,600,0,600,0
2026-02-15,温州市,2202,363,1839,0
2026-02-15,芜湖市,646,0,646,0
2026-02-15,苏州市,12741,0,12591,150
2026-02-15,金华市,11,9,2,0
2026-02-15,青岛市,1199,0,1199,0
2026-02-16,上海市,9069,1635,7381,53
2026-02-16,南京市,7040,193,6847,0
2026-02-16,南通市,1533,0,1533,0
2026-02-16,台州市,472,0,472,0
2026-02-16,合肥市,98,0,98,0
2026-02-16,宁波市,5857,222,5635,0
2026-02-16,常州市,3594,0,3594,0
2026-02-16,徐州市,12,0,12,0
2026-02-16,无锡市,1460,0,1460,0
2026-02-16,杭州市,1004,0,1004,0
2026-02-16,武汉市,4332,0,4332,0
2026-02-16,泉州市,600,0,600,0
2026-02-16,温州市,2201,363,1838,0
2026-02-16,芜湖市,646,0,646,0
2026-02-16,苏州市,12743,0,12593,150
2026-02-16,金华市,11,9,2,0
2026-02-16,青岛市,1199,0,1199,0
2026-02-17,上海市,9069,1635,7381,53
2026-02-17,南京市,7041,193,6848,0
2026-02-17,南通市,1535,0,1535,0
2026-02-17,台州市,472,0,472,0
2026-02-17,合肥市,98,0,98,0
2026-02-17,宁波市,5857,222,5635,0
2026-02-17,常州市,3592,0,3592,0
2026-02-17,徐州市,12,0,12,0
2026-02-17,无锡市,1461,0,1461,0
2026-02-17,杭州市,1004,0,1004,0
2026-02-17,武汉市,4332,0,4332,0
2026-02-17,泉州市,600,0,600,0
2026-02-17,温州市,2201,363,1838,0
2026-02-17,芜湖市,646,0,646,0
2026-02-17,苏州市,12741,0,12591,150
2026-02-17,金华市,11,9,2,0
2026-02-17,青岛市,1199,0,1199,0
2026-02-18,上海市,9069,1635,7381,53
2026-02-18,南京市,7041,193,6848,0
2026-02-18,南通市,1534,0,1534,0
2026-02-18,台州市,472,0,472,0
2026-02-18,合肥市,98,0,98,0
2026-02-18,宁波市,5857,222,5635,0
2026-02-18,常州市,3592,0,3592,0
2026-02-18,徐州市,12,0,12,0
2026-02-18,无锡市,1464,0,1464,0
2026-02-18,杭州市,1004,0,1004,0
2026-02-18,武汉市,4332,0,4332,0
2026-02-18,泉州市,600,0,600,0
2026-02-18,温州市,2201,363,1838,0
2026-02-18,芜湖市,646,0,646,0
2026-02-18,苏州市,12739,0,12589,150
2026-02-18,金华市,11,9,2,0
2026-02-18,青岛市,1199,0,1199,0
2026-02-19,上海市,9069,1635,7381,53
2026-02-19,南京市,7041,193,6848,0
2026-02-19,南通市,1534,0,1534,0
2026-02-19,台州市,473,0,473,0
2026-02-19,合肥市,98,0,98,0
2026-02-19,宁波市,5857,222,5635,0
2026-02-19,常州市,3592,0,3592,0
2026-02-19,徐州市,12,0,12,0
2026-02-19,无锡市,1461,0,1461,0
2026-02-19,杭州市,1004,0,1004,0
2026-02-19,武汉市,4332,0,4332,0
2026-02-19,泉州市,600,0,600,0
2026-02-19,温州市,2200,363,1837,0
2026-02-19,芜湖市,646,0,646,0
2026-02-19,苏州市,12742,0,12592,150
2026-02-19,金华市,11,9,2,0
2026-02-19,青岛市,1199,0,1199,0
2026-02-20,上海市,9069,1635,7381,53
2026-02-20,南京市,7039,193,6846,0
2026-02-20,南通市,1534,0,1534,0
2026-02-20,台州市,471,0,471,0
2026-02-20,合肥市,98,0,98,0
2026-02-20,宁波市,5857,222,5635,0
2026-02-20,常州市,3595,0,3595,0
2026-02-20,徐州市,12,0,12,0
2026-02-20,无锡市,1457,0,1457,0
2026-02-20,杭州市,1004,0,1004,0
2026-02-20,武汉市,4332,0,4332,0
2026-02-20,泉州市,600,0,600,0
2026-02-20,温州市,2202,363,1839,0
2026-02-20,芜湖市,646,0,646,0
2026-02-20,苏州市,12745,0,12595,150
2026-02-20,金华市,11,9,2,0
2026-02-20,青岛市,1199,0,1199,0
2026-02-21,上海市,9069,1635,7381,53
2026-02-21,南京市,7039,193,6846,0
2026-02-21,南通市,1535,0,1535,0
2026-02-21,台州市,473,0,473,0
2026-02-21,合肥市,98,0,98,0
2026-02-21,宁波市,5857,222,5635,0
2026-02-21,常州市,3591,0,3591,0
2026-02-21,徐州市,12,0,12,0
2026-02-21,无锡市,1461,0,1461,0
2026-02-21,杭州市,1004,0,1004,0
2026-02-21,武汉市,4332,0,4332,0
2026-02-21,泉州市,600,0,600,0
2026-02-21,温州市,2200,363,1837,0
2026-02-21,芜湖市,646,0,646,0
2026-02-21,苏州市,12744,0,12594,150
2026-02-21,金华市,11,9,2,0
2026-02-21,青岛市,1199,0,1199,0
2026-02-22,上海市,9069,1635,7381,53
2026-02-22,南京市,7040,193,6847,0
2026-02-22,南通市,1535,0,1535,0
2026-02-22,台州市,474,0,474,0
2026-02-22,合肥市,98,0,98,0
2026-02-22,宁波市,5858,222,5636,0
2026-02-22,常州市,3591,0,3591,0
2026-02-22,徐州市,12,0,12,0
2026-02-22,无锡市,1460,0,1460,0
2026-02-22,杭州市,1004,0,1004,0
2026-02-22,武汉市,4332,0,4332,0
2026-02-22,泉州市,600,0,600,0
2026-02-22,温州市,2199,363,1836,0
2026-02-22,芜湖市,646,0,646,0
2026-02-22,苏州市,12743,0,12593,150
2026-02-22,金华市,11,9,2,0
2026-02-22,青岛市,1199,0,1199,0
2026-02-23,上海市,9069,1635,7381,53
2026-02-23,南京市,7040,193,6847,0
2026-02-23,南通市,1535,0,1535,0
2026-02-23,台州市,476,0,476,0
2026-02-23,合肥市,98,0,98,0
2026-02-23,宁波市,5858,222,5636,0
2026-02-23,常州市,3594,0,3594,0
2026-02-23,徐州市,12,0,12,0
2026-02-23,无锡市,1453,0,1453,0
2026-02-23,杭州市,1004,0,1004,0
2026-02-23,武汉市,4332,0,4332,0
2026-02-23,泉州市,600,0,600,0
2026-02-23,温州市,2197,363,1834,0
2026-02-23,芜湖市,646,0,646,0
2026-02-23,苏州市,12747,0,12597,150
2026-02-23,金华市,11,9,2,0
2026-02-23,青岛市,1199,0,1199,0
2026-02-24,上海市,9068,1634,7381,53
2026-02-24,南京市,7041,194,6847,0
2026-02-24,南通市,1535,0,1535,0
2026-02-24,台州市,480,0,480,0
2026-02-24,合肥市,98,0,98,0
2026-02-24,宁波市,5858,222,5636,0
2026-02-24,常州市,3596,0,3596,0
2026-02-24,徐州市,12,0,12,0
2026-02-24,无锡市,1456,0,1456,0
2026-02-24,杭州市,1004,0,1004,0
2026-02-24,武汉市,4332,0,4332,0
2026-02-24,泉州市,600,0,600,0
2026-02-24,温州市,2193,363,1830,0
2026-02-24,芜湖市,646,0,646,0
2026-02-24,苏州市,12742,0,12592,150
2026-02-24,金华市,11,9,2,0
2026-02-24,青岛市,1199,0,1199,0
2026-02-25,上海市,9068,1634,7381,53
2026-02-25,南京市,7040,194,6846,0
2026-02-25,南通市,1535,0,1535,0
2026-02-25,台州市,484,0,484,0
2026-02-25,合肥市,98,0,98,0
2026-02-25,宁波市,5858,222,5636,0
2026-02-25,常州市,3596,0,3596,0
2026-02-25,徐州市,12,0,12,0
2026-02-25,无锡市,1453,0,1453,0
2026-02-25,杭州市,1004,0,1004,0
2026-02-25,武汉市,4332,0,4332,0
2026-02-25,泉州市,600,0,600,0
2026-02-25,温州市,2189,363,1826,0
2026-02-25,芜湖市,646,0,646,0
2026-02-25,苏州市,12746,0,12596,150
2026-02-25,金华市,11,9,2,0
2026-02-25,青岛市,1199,0,1199,0
2026-02-26,上海市,9068,1634,7381,53
2026-02-26,南京市,7039,194,6845,0
2026-02-26,南通市,1535,0,1535,0
2026-02-26,台州市,495,0,495,0
2026-02-26,合肥市,98,0,98,0
2026-02-26,宁波市,5858,222,5636,0
2026-02-26,常州市,3598,0,3598,0
2026-02-26,徐州市,12,0,12,0
2026-02-26,无锡市,1454,0,1454,0
2026-02-26,杭州市,1004,0,1004,0
2026-02-26,武汉市,4332,0,4332,0
2026-02-26,泉州市,600,0,600,0
2026-02-26,温州市,2178,363,1815,0
2026-02-26,芜湖市,646,0,646,0
2026-02-26,苏州市,12744,0,12594,150
2026-02-26,金华市,11,9,2,0
2026-02-26,青岛市,1199,0,1199,0
2026-02-27,上海市,9110,1636,7421,53
2026-02-27,南京市,6997,192,6805,0
2026-02-27,南通市,1535,0,1535,0
2026-02-27,台州市,510,0,510,0
2026-02-27,合肥市,98,0,98,0
2026-02-27,宁波市,5858,222,5636,0
2026-02-27,常州市,3595,0,3595,0
2026-02-27,徐州市,12,0,12,0
2026-02-27,无锡市,1458,0,1458,0
2026-02-27,杭州市,1004,0,1004,0
2026-02-27,武汉市,4332,0,4332,0
2026-02-27,泉州市,600,0,600,0
2026-02-27,温州市,2163,363,1800,0
2026-02-27,芜湖市,646,0,646,0
2026-02-27,苏州市,12743,0,12593,150
2026-02-27,金华市,11,9,2,0
2026-02-27,青岛市,1199,0,1199,0
2026-02-28,上海市,9276,1584,7639,53
2026-02-28,南京市,7068,264,6804,0
2026-02-28,南通市,1534,0,1534,0
2026-02-28,台州市,512,0,512,0
2026-02-28,合肥市,98,0,98,0
2026-02-28,宁波市,5620,202,5418,0
2026-02-28,常州市,3599,0,3599,0
2026-02-28,徐州市,12,0,12,0
2026-02-28,无锡市,1452,0,1452,0
2026-02-28,杭州市,1004,0,1004,0
2026-02-28,武汉市,4332,0,4332,0
2026-02-28,泉州市,600,0,600,0
2026-02-28,温州市,2161,363,1798,0
2026-02-28,芜湖市,646,0,646,0
2026-02-28,苏州市,12947,0,12597,350
2026-02-28,金华市,11,9,2,0
2026-02-28,青岛市,1199,0,1199,0
2026-03-01,上海市,9482,1584,7845,53
2026-03-01,南京市,7087,264,6823,0
2026-03-01,南通市,1534,0,1534,0
2026-03-01,台州市,513,0,513,0
2026-03-01,合肥市,98,0,98,0
2026-03-01,宁波市,5620,202,5418,0
2026-03-01,常州市,3597,0,3597,0
2026-03-01,徐州市,12,0,12,0
2026-03-01,无锡市,1455,0,1455,0
2026-03-01,杭州市,1004,0,1004,0
2026-03-01,武汉市,4332,0,4332,0
2026-03-01,泉州市,600,0,600,0
2026-03-01,温州市,2160,363,1797,0
2026-03-01,芜湖市,646,0,646,0
2026-03-01,苏州市,12721,0,12371,350
2026-03-01,金华市,11,9,2,0
2026-03-01,青岛市,1199,0,1199,0
2026-03-02,上海市,9430,1584,7845,1
2026-03-02,南京市,7088,264,6824,0
2026-03-02,南通市,1534,0,1534,0
2026-03-02,台州市,512,0,512,0
2026-03-02,合肥市,98,0,98,0
2026-03-02,宁波市,5620,202,5418,0
2026-03-02,常州市,3588,0,3588,0
2026-03-02,徐州市,12,0,12,0
2026-03-02,无锡市,1462,0,1462,0
2026-03-02,杭州市,1004,0,1004,0
2026-03-02,武汉市,4332,0,4332,0
2026-03-02,泉州市,600,0,600,0
2026-03-02,温州市,2161,363,1798,0
2026-03-02,芜湖市,646,0,646,0
2026-03-02,苏州市,12722,0,12372,350
2026-03-02,金华市,11,9,2,0
2026-03-02,青岛市,1199,0,1199,0
2026-03-03,上海市,9430,1584,7845,1
2026-03-03,南京市,7085,264,6821,0
2026-03-03,南通市,1534,0,1534,0
2026-03-03,台州市,513,0,513,0
2026-03-03,合肥市,98,0,98,0
2026-03-03,宁波市,5620,202,5418,0
2026-03-03,常州市,3592,0,3592,0
2026-03-03,徐州市,12,0,12,0
2026-03-03,无锡市,1463,0,1463,0
2026-03-03,杭州市,1004,0,1004,0
2026-03-03,武汉市,4332,0,4332,0
2026-03-03,泉州市,600,0,600,0
2026-03-03,温州市,2160,363,1797,0
2026-03-03,芜湖市,646,0,646,0
2026-03-03,苏州市,12720,0,12370,350
2026-03-03,金华市,11,9,2,0
2026-03-03,青岛市,1199,0,1199,0
2026-03-04,上海市,9388,1585,7802,1
2026-03-04,南京市,7129,263,6866,0
2026-03-04,南通市,1535,0,1535,0
2026-03-04,台州市,513,0,513,0
2026-03-04,合肥市,98,0,98,0
2026-03-04,宁波市,5620,202,5418,0
2026-03-04,常州市,3583,0,3583,0
2026-03-04,徐州市,12,0,12,0
2026-03-04,无锡市,1466,0,1466,0
2026-03-04,杭州市,1004,0,1004,0
2026-03-04,武汉市,4332,0,4332,0
2026-03-04,泉州市,600,0,600,0
2026-03-04,温州市,2160,363,1797,0
2026-03-04,芜湖市,646,0,646,0
2026-03-04,苏州市,12723,0,12373,350
2026-03-04,金华市,11,9,2,0
2026-03-04,青岛市,1199,0,1199,0
2026-03-05,上海市,9388,1585,7802,1
2026-03-05,南京市,7127,263,6864,0
2026-03-05,南通市,1536,0,1536,0
2026-03-05,台州市,513,0,513,0
2026-03-05,合肥市,98,0,98,0
2026-03-05,宁波市,5620,202,5418,0
2026-03-05,常州市,3590,0,3590,0
2026-03-05,徐州市,12,0,12,0
2026-03-05,无锡市,1461,0,1461,0
2026-03-05,杭州市,1004,0,1004,0
2026-03-05,武汉市,4332,0,4332,0
2026-03-05,泉州市,600,0,600,0
2026-03-05,温州市,2160,363,1797,0
2026-03-05,芜湖市,646,0,646,0
2026-03-05,苏州市,12721,0,12371,350
2026-03-05,金华市,11,9,2,0
2026-03-05,青岛市,1199,0,1199,0
2026-03-06,上海市,9292,1513,7778,1
2026-03-06,南京市,7226,335,6891,0
2026-03-06,南通市,1535,0,1535,0
2026-03-06,台州市,513,0,513,0
2026-03-06,合肥市,98,0,98,0
2026-03-06,宁波市,5620,202,5418,0
2026-03-06,常州市,3583,0,3583,0
2026-03-06,徐州市,12,0,12,0
2026-03-06,无锡市,1461,0,1461,0
2026-03-06,杭州市,1004,0,1004,0
2026-03-06,武汉市,4332,0,4332,0
2026-03-06,泉州市,600,0,600,0
2026-03-06,温州市,2160,363,1797,0
2026-03-06,芜湖市,645,0,645,0
2026-03-06,苏州市,12728,0,12378,350
2026-03-06,金华市,11,9,2,0
2026-03-06,青岛市,1199,0,1199,0
2026-03-07,上海市,9162,1513,7648,1
2026-03-07,南京市,7221,335,6886,0
2026-03-07,南通市,1536,0,1536,0
2026-03-07,台州市,514,0,514,0
2026-03-07,合肥市,98,0,98,0
2026-03-07,宁波市,5620,202,5418,0
2026-03-07,常州市,3570,0,3570,0
2026-03-07,徐州市,12,0,12,0
2026-03-07,无锡市,1469,0,1469,0
2026-03-07,杭州市,1004,0,1004,0
2026-03-07,武汉市,4332,0,4332,0
2026-03-07,泉州市,600,0,600,0
2026-03-07,温州市,2318,363,1955,0
2026-03-07,芜湖市,643,0,643,0
2026-03-07,苏州市,12710,0,12360,350
2026-03-07,金华市,11,9,2,0
2026-03-07,青岛市,1199,0,1199,0
2026-03-08,上海市,9161,1513,7647,1
2026-03-08,南京市,7221,335,6886,0
2026-03-08,南通市,1536,0,1536,0
2026-03-08,台州市,513,0,513,0
2026-03-08,合肥市,98,0,98,0
2026-03-08,宁波市,5620,202,5418,0
2026-03-08,常州市,3572,0,3572,0
2026-03-08,徐州市,12,0,12,0
2026-03-08,无锡市,1468,0,1468,0
2026-03-08,杭州市,1004,0,1004,0
2026-03-08,武汉市,4332,0,4332,0
2026-03-08,泉州市,600,0,600,0
2026-03-08,温州市,2320,363,1957,0
2026-03-08,芜湖市,643,0,643,0
2026-03-08,苏州市,12709,0,12359,350
2026-03-08,金华市,11,9,2,0
2026-03-08,青岛市,1199,0,1199,0
2026-03-09,上海市,9106,1582,7523,1
2026-03-09,南京市,7440,335,7105,0
2026-03-09,南通市,1534,0,1534,0
2026-03-09,台州市,502,0,502,0
2026-03-09,合肥市,98,0,98,0
2026-03-09,宁波市,5619,202,5417,0
2026-03-09,常州市,3578,0,3578,0
2026-03-09,徐州市,12,0,12,0
2026-03-09,无锡市,1464,0,1464,0
2026-03-09,杭州市,1004,0,1004,0
2026-03-09,武汉市,4332,0,4332,0
2026-03-09,泉州市,600,0,600,0
2026-03-09,温州市,2168,294,1874,0
2026-03-09,芜湖市,643,0,643,0
2026-03-09,苏州市,12709,0,12359,350
2026-03-09,金华市,11,9,2,0
2026-03-09,青岛市,1199,0,1199,0
2026-03-10,上海市,9069,1604,7464,1
2026-03-10,南京市,7425,329,7096,0
2026-03-10,南通市,1535,0,1535,0
2026-03-10,台州市,501,0,501,0
2026-03-10,合肥市,98,0,98,0
2026-03-10,宁波市,5674,186,5488,0
2026-03-10,常州市,3577,0,3577,0
2026-03-10,徐州市,12,0,12,0
2026-03-10,无锡市,1458,0,1458,0
2026-03-10,杭州市,1004,0,1004,0
2026-03-10,武汉市,4332,0,4332,0
2026-03-10,泉州市,600,0,600,0
2026-03-10,温州市,2169,294,1875,0
2026-03-10,芜湖市,643,0,643,0
2026-03-10,苏州市,12882,0,12362,520
2026-03-10,金华市,11,9,2,0
2026-03-10,青岛市,1199,0,1199,0
2026-03-11,上海市,9286,1604,7681,1
2026-03-11,南京市,7424,329,7095,0
2026-03-11,南通市,1535,0,1535,0
2026-03-11,台州市,501,0,501,0
2026-03-11,合肥市,98,0,98,0
2026-03-11,宁波市,5674,186,5488,0
2026-03-11,常州市,3578,0,3578,0
2026-03-11,徐州市,12,0,12,0
2026-03-11,无锡市,1456,0,1456,0
2026-03-11,杭州市,1204,0,1204,0
2026-03-11,武汉市,4332,0,4332,0
2026-03-11,泉州市,600,0,600,0
2026-03-11,温州市,2169,294,1875,0
2026-03-11,芜湖市,643,0,643,0
2026-03-11,苏州市,12667,0,12147,520
2026-03-11,金华市,11,9,2,0
2026-03-11,青岛市,1199,0,1199,0
2026-03-12,上海市,9391,1604,7752,35
2026-03-12,南京市,7425,329,7096,0
2026-03-12,南通市,1533,0,1533,0
2026-03-12,台州市,501,0,501,0
2026-03-12,合肥市,98,0,98,0
2026-03-12,宁波市,5674,186,5488,0
2026-03-12,常州市,3581,0,3581,0
2026-03-12,徐州市,12,0,12,0
2026-03-12,无锡市,1456,0,1456,0
2026-03-12,杭州市,1402,0,1402,0
2026-03-12,武汉市,4255,0,4255,0
2026-03-12,泉州市,600,0,600,0
2026-03-12,温州市,2169,294,1875,0
2026-03-12,芜湖市,643,0,643,0
2026-03-12,苏州市,12669,0,12153,516
2026-03-12,金华市,11,9,2,0
2026-03-12,青岛市,1199,0,1199,0
2026-03-13,上海市,9258,1604,7619,35
2026-03-13,南京市,7558,329,7229,0
2026-03-13,南通市,1534,0,1534,0
2026-03-13,台州市,500,0,500,0
2026-03-13,合肥市,98,0,98,0
2026-03-13,宁波市,5674,186,5488,0
2026-03-13,常州市,3579,0,3579,0
2026-03-13,徐州市,12,0,12,0
2026-03-13,无锡市,1456,0,1456,0
2026-03-13,杭州市,1402,0,1402,0
2026-03-13,武汉市,4255,0,4255,0
2026-03-13,泉州市,600,0,600,0
2026-03-13,温州市,2170,294,1876,0
2026-03-13,芜湖市,642,0,642,0
2026-03-13,苏州市,12671,0,12155,516
2026-03-13,金华市,11,9,2,0
2026-03-13,青岛市,1199,0,1199,0
2026-03-14,上海市,9288,1604,7615,69
2026-03-14,南京市,7557,329,7228,0
2026-03-14,南通市,1536,0,1536,0
2026-03-14,台州市,499,0,499,0
2026-03-14,合肥市,98,0,98,0
2026-03-14,宁波市,5674,186,5488,0
2026-03-14,常州市,3579,0,3579,0
2026-03-14,徐州市,12,0,12,0
2026-03-14,无锡市,1451,0,1451,0
2026-03-14,杭州市,1402,0,1402,0
2026-03-14,武汉市,4255,0,4255,0
2026-03-14,泉州市,600,0,600,0
2026-03-14,温州市,2171,294,1877,0
2026-03-14,芜湖市,643,0,643,0
2026-03-14,苏州市,12644,0,12162,482
2026-03-14,金华市,11,9,2,0
2026-03-14,青岛市,1199,0,1199,0
2026-03-15,上海市,9091,1604,7418,69
2026-03-15,南京市,7556,329,7227,0
2026-03-15,南通市,1535,0,1535,0
2026-03-15,台州市,501,0,501,0
2026-03-15,合肥市,98,0,98,0
2026-03-15,宁波市,5874,186,5688,0
2026-03-15,常州市,3568,0,3568,0
2026-03-15,徐州市,12,0,12,0
2026-03-15,无锡市,1460,0,1460,0
2026-03-15,杭州市,1402,0,1402,0
2026-03-15,武汉市,4255,0,4255,0
2026-03-15,泉州市,600,0,600,0
2026-03-15,温州市,2169,294,1875,0
2026-03-15,芜湖市,642,0,642,0
2026-03-15,苏州市,12646,0,12164,482
2026-03-15,金华市,11,9,2,0
2026-03-15,青岛市,1199,0,1199,0
2026-03-16,上海市,9125,1610,7446,69
2026-03-16,南京市,7557,329,7228,0
2026-03-16,南通市,1534,0,1534,0
2026-03-16,台州市,503,0,503,0
2026-03-16,合肥市,98,0,98,0
2026-03-16,宁波市,5840,180,5660,0
2026-03-16,常州市,3568,0,3568,0
2026-03-16,徐州市,12,0,12,0
2026-03-16,无锡市,1462,0,1462,0
2026-03-16,杭州市,1403,0,1403,0
2026-03-16,武汉市,4255,0,4255,0
2026-03-16,泉州市,600,0,600,0
2026-03-16,温州市,2167,294,1873,0
2026-03-16,芜湖市,642,0,642,0
2026-03-16,苏州市,12843,0,12161,682
2026-03-16,金华市,11,9,2,0
2026-03-16,青岛市,1199,0,1199,0
2026-03-17,上海市,8927,1610,7248,69
2026-03-17,南京市,7557,329,7228,0
2026-03-17,南通市,1532,0,1532,0
2026-03-17,台州市,499,0,499,0
2026-03-17,合肥市,98,0,98,0
2026-03-17,宁波市,5840,180,5660,0
2026-03-17,常州市,3570,0,3570,0
2026-03-17,徐州市,12,0,12,0
2026-03-17,无锡市,1461,0,1461,0
2026-03-17,杭州市,1403,0,1403,0
2026-03-17,武汉市,4255,0,4255,0
2026-03-17,泉州市,600,0,600,0
2026-03-17,温州市,2371,294,2077,0
2026-03-17,芜湖市,642,0,642,0
2026-03-17,苏州市,12842,0,12160,682
2026-03-17,金华市,11,9,2,0
2026-03-17,青岛市,1199,0,1199,0
2026-03-18,上海市,9008,1633,7306,69
2026-03-18,南京市,7557,329,7228,0
2026-03-18,南通市,1532,0,1532,0
2026-03-18,台州市,501,0,501,0
2026-03-18,合肥市,98,0,98,0
2026-03-18,宁波市,5840,180,5660,0
2026-03-18,常州市,3550,0,3550,0
2026-03-18,徐州市,12,0,12,0
2026-03-18,无锡市,1452,0,1452,0
2026-03-18,杭州市,1402,0,1402,0
2026-03-18,武汉市,4255,0,4255,0
2026-03-18,泉州市,600,0,600,0
2026-03-18,温州市,2314,271,2043,0
2026-03-18,芜湖市,642,0,642,0
2026-03-18,苏州市,12846,0,12164,682
2026-03-18,金华市,11,9,2,0
2026-03-18,青岛市,1199,0,1199,0
2026-03-19,上海市,9008,1633,7306,69
2026-03-19,南京市,7557,329,7228,0
2026-03-19,南通市,1534,0,1534,0
2026-03-19,台州市,497,0,497,0
2026-03-19,合肥市,98,0,98,0
2026-03-19,宁波市,6040,180,5660,200
2026-03-19,常州市,3550,0,3550,0
2026-03-19,徐州市,12,0,12,0
2026-03-19,无锡市,1457,0,1457,0
2026-03-19,杭州市,1402,0,1402,0
2026-03-19,武汉市,4255,0,4255,0
2026-03-19,泉州市,600,0,600,0
2026-03-19,温州市,2318,271,2047,0
2026-03-19,芜湖市,642,0,642,0
2026-03-19,苏州市,12839,0,12157,682
2026-03-19,郑州市,220,0,220,0
2026-03-19,金华市,11,9,2,0
2026-03-19,青岛市,1199,0,1199,0
2026-03-20,上海市,9008,1633,7306,69
2026-03-20,南京市,7555,329,7226,0
2026-03-20,南通市,1535,0,1535,0
2026-03-20,台州市,498,0,498,0
2026-03-20,合肥市,98,0,98,0
2026-03-20,宁波市,6040,180,5660,200
2026-03-20,常州市,3547,0,3547,0
2026-03-20,徐州市,12,0,12,0
2026-03-20,无锡市,1460,0,1460,0
2026-03-20,杭州市,1402,0,1402,0
2026-03-20,武汉市,4255,0,4255,0
2026-03-20,泉州市,800,0,600,200
2026-03-20,温州市,2317,271,2046,0
2026-03-20,芜湖市,642,0,642,0
2026-03-20,苏州市,12840,0,12158,682
2026-03-20,郑州市,220,0,220,0
2026-03-20,金华市,11,9,2,0
2026-03-20,青岛市,1199,0,1199,0
2026-03-21,上海市,9008,1633,7306,69
2026-03-21,南京市,7555,329,7226,0
2026-03-21,南通市,1535,0,1535,0
2026-03-21,台州市,498,0,498,0
2026-03-21,合肥市,98,0,98,0
2026-03-21,宁波市,6040,180,5660,200
2026-03-21,常州市,3546,0,3546,0
2026-03-21,徐州市,12,0,12,0
2026-03-21,无锡市,1462,0,1462,0
2026-03-21,杭州市,1402,0,1402,0
2026-03-21,武汉市,4255,0,4255,0
2026-03-21,泉州市,800,0,600,200
2026-03-21,温州市,2317,271,2046,0
2026-03-21,芜湖市,642,0,642,0
2026-03-21,苏州市,12839,0,12157,682
2026-03-21,郑州市,220,0,220,0
2026-03-21,金华市,11,9,2,0
2026-03-21,青岛市,1199,0,1199,0
2026-03-22,上海市,9009,1633,7307,69
2026-03-22,南京市,7555,329,7226,0
2026-03-22,南通市,1536,0,1536,0
2026-03-22,台州市,499,0,499,0
2026-03-22,合肥市,98,0,98,0
2026-03-22,宁波市,6040,180,5660,200
2026-03-22,常州市,3551,0,3551,0
2026-03-22,徐州市,12,0,12,0
2026-03-22,无锡市,1452,0,1452,0
2026-03-22,杭州市,1402,0,1402,0
2026-03-22,武汉市,4255,0,4255,0
2026-03-22,泉州市,799,0,599,200
2026-03-22,温州市,2316,271,2045,0
2026-03-22,芜湖市,642,0,642,0
2026-03-22,苏州市,12843,0,12161,682
2026-03-22,郑州市,220,0,220,0
2026-03-22,金华市,11,9,2,0
2026-03-22,青岛市,1199,0,1199,0
2026-03-23,上海市,8987,1638,7280,69
2026-03-23,南京市,7575,324,7251,0
2026-03-23,南通市,1536,0,1536,0
2026-03-23,台州市,495,0,495,0
2026-03-23,合肥市,98,0,98,0
2026-03-23,宁波市,6040,180,5660,200
2026-03-23,常州市,3553,0,3553,0
2026-03-23,徐州市,12,0,12,0
2026-03-23,无锡市,1447,0,1447,0
2026-03-23,杭州市,1402,0,1402,0
2026-03-23,武汉市,4255,0,4255,0
2026-03-23,泉州市,799,0,599,200
2026-03-23,温州市,2320,271,2049,0
2026-03-23,芜湖市,642,0,642,0
2026-03-23,苏州市,12848,0,12166,682
2026-03-23,郑州市,440,0,440,0
2026-03-23,金华市,11,9,2,0
2026-03-23,青岛市,1199,0,1199,0
2026-03-24,上海市,8909,1638,7202,69
2026-03-24,南京市,7572,324,7248,0
2026-03-24,南通市,1534,0,1534,0
2026-03-24,台州市,499,0,499,0
2026-03-24,合肥市,98,0,98,0
2026-03-24,宁波市,6040,180,5660,200
2026-03-24,常州市,3553,0,3553,0
2026-03-24,徐州市,12,0,12,0
2026-03-24,无锡市,1449,0,1449,0
2026-03-24,杭州市,1403,0,1403,0
2026-03-24,武汉市,4255,0,4255,0
2026-03-24,泉州市,799,0,599,200
2026-03-24,温州市,2316,271,2045,0
2026-03-24,芜湖市,642,0,642,0
2026-03-24,苏州市,13054,0,12246,808
2026-03-24,郑州市,440,0,440,0
2026-03-24,金华市,11,9,2,0
2026-03-24,青岛市,1199,0,1199,0
2026-03-25,上海市,8909,1638,7202,69
2026-03-25,南京市,7572,324,7248,0
2026-03-25,南通市,1534,0,1534,0
2026-03-25,台州市,497,0,497,0
2026-03-25,合肥市,98,0,98,0
2026-03-25,宁波市,6261,180,5881,200
2026-03-25,常州市,3559,0,3559,0
2026-03-25,徐州市,12,0,12,0
2026-03-25,无锡市,1445,0,1445,0
2026-03-25,杭州市,1403,0,1403,0
2026-03-25,武汉市,3833,0,3833,0
2026-03-25,泉州市,799,0,599,200
2026-03-25,温州市,2520,271,2249,0
2026-03-25,芜湖市,642,0,642,0
2026-03-25,苏州市,13051,0,12243,808
2026-03-25,郑州市,440,0,440,0
2026-03-25,金华市,11,9,2,0
2026-03-25,青岛市,1199,0,1199,0
2026-03-26,上海市,9026,1647,7310,69
2026-03-26,南京市,7573,324,7249,0
2026-03-26,南通市,1536,0,1536,0
2026-03-26,台州市,497,0,497,0
2026-03-26,合肥市,98,0,98,0
2026-03-26,宁波市,6167,175,5792,200
2026-03-26,常州市,3555,0,3555,0
2026-03-26,徐州市,12,0,12,0
2026-03-26,无锡市,1445,0,1445,0
2026-03-26,杭州市,1404,0,1404,0
2026-03-26,武汉市,3831,0,3831,0
2026-03-26,泉州市,799,0,599,200
2026-03-26,温州市,2498,267,2231,0
2026-03-26,芜湖市,642,0,642,0
2026-03-26,苏州市,13051,0,12243,808
2026-03-26,郑州市,440,0,440,0
2026-03-26,金华市,11,9,2,0
2026-03-26,青岛市,1199,0,1199,0
2026-03-27,上海市,9224,1647,7444,133
2026-03-27,南京市,7573,324,7249,0
2026-03-27,南通市,1533,0,1533,0
2026-03-27,台州市,499,0,499,0
2026-03-27,合肥市,98,0,98,0
2026-03-27,宁波市,6167,175,5792,200
2026-03-27,常州市,3543,0,3543,0
2026-03-27,徐州市,12,0,12,0
2026-03-27,无锡市,1458,0,1458,0
2026-03-27,杭州市,1404,0,1404,0
2026-03-27,武汉市,3831,0,3831,0
2026-03-27,泉州市,799,0,599,200
2026-03-27,温州市,2496,267,2229,0
2026-03-27,芜湖市,643,0,643,0
2026-03-27,苏州市,12855,0,12111,744
2026-03-27,西安市,220,0,220,0
2026-03-27,郑州市,440,0,440,0
2026-03-27,金华市,11,9,2,0
2026-03-27,青岛市,1199,0,1199,0
2026-03-28,南京市,7567,324,7243,0
2026-03-28,苏州市,12201,0,11457,744
2026-03-28,常州市,3545,0,3545,0
2026-03-28,南通市,1526,0,1526,0
2026-03-28,上海市,9224,1647,7444,133
2026-03-28,台州市,513,0,513,0
2026-03-28,无锡市,1442,0,1442,0
2026-03-28,温州市,2380,167,2213,0
2026-03-28,武汉市,3722,0,3722,0
2026-03-28,宁波市,6128,166,5762,200
2026-03-28,芜湖市,642,0,642,0
2026-03-28,合肥市,89,0,89,0
2026-03-28,青岛市,1199,0,1199,0
2026-03-28,杭州市,1404,0,1404,0
2026-03-28,金华市,11,9,2,0
2026-03-28,徐州市,12,0,12,0
2026-03-28,泉州市,999,0,599,400
2026-03-28,郑州市,440,0,440,0
2026-03-28,西安市,220,0,220,0
2026-03-29,南京市,7567,324,7243,0
2026-03-29,苏州市,12209,0,11465,744
2026-03-29,常州市,3542,0,3542,0
2026-03-29,南通市,1526,0,1526,0
2026-03-29,上海市,9224,1647,7444,133
2026-03-29,台州市,526,0,526,0
2026-03-29,无锡市,1438,0,1438,0
2026-03-29,温州市,2367,167,2200,0
2026-03-29,武汉市,3722,0,3722,0
2026-03-29,宁波市,6128,166,5762,200
2026-03-29,芜湖市,642,0,642,0
2026-03-29,合肥市,89,0,89,0
2026-03-29,青岛市,1199,0,1199,0
2026-03-29,杭州市,1403,0,1403,0
2026-03-29,金华市,11,9,2,0
2026-03-29,徐州市,12,0,12,0
2026-03-29,泉州市,999,0,599,400
2026-03-29,郑州市,440,0,440,0
2026-03-29,西安市,220,0,220,0
2026-03-30,南京市,7567,324,7243,0
2026-03-30,苏州市,12212,0,11468,744
2026-03-30,常州市,3543,0,3543,0
2026-03-30,南通市,1527,0,1527,0
2026-03-30,上海市,9422,1647,7642,133
2026-03-30,台州市,528,0,528,0
2026-03-30,无锡市,1432,0,1432,0
2026-03-30,温州市,2365,167,2198,0
2026-03-30,武汉市,3525,0,3525,0
2026-03-30,宁波市,6128,166,5762,200
2026-03-30,芜湖市,642,0,642,0
2026-03-30,合肥市,89,0,89,0
2026-03-30,青岛市,1199,0,1199,0
2026-03-30,杭州市,1403,0,1403,0
2026-03-30,金华市,11,9,2,0
2026-03-30,徐州市,12,0,12,0
2026-03-30,泉州市,999,0,599,400
2026-03-30,郑州市,440,0,440,0
2026-03-30,西安市,220,0,220,0
2026-03-31,南京市,7567,324,7243,0
2026-03-31,苏州市,12208,0,11465,743
2026-03-31,常州市,3535,0,3535,0
2026-03-31,南通市,1527,0,1527,0
2026-03-31,上海市,9422,1647,7642,133
2026-03-31,台州市,531,0,531,0
2026-03-31,无锡市,1442,0,1442,0
2026-03-31,温州市,2362,167,2195,0
2026-03-31,武汉市,3525,0,3525,0
2026-03-31,宁波市,6128,166,5762,200
2026-03-31,芜湖市,642,0,642,0
2026-03-31,合肥市,89,0,89,0
2026-03-31,青岛市,1419,0,1419,0
2026-03-31,杭州市,1405,0,1404,1
2026-03-31,金华市,11,9,2,0
2026-03-31,徐州市,12,0,12,0
2026-03-31,泉州市,999,0,599,400
2026-03-31,郑州市,440,0,440,0
2026-03-31,西安市,220,0,220,0
2026-04-01,南京市,7719,424,7295,0
2026-04-01,苏州市,12207,0,11464,743
2026-04-01,常州市,3540,0,3540,0
2026-04-01,南通市,1526,0,1526,0
2026-04-01,上海市,9288,1547,7608,133
2026-04-01,台州市,531,0,531,0
2026-04-01,无锡市,1438,0,1438,0
2026-04-01,温州市,2362,167,2195,0
2026-04-01,武汉市,3525,0,3525,0
2026-04-01,宁波市,6128,166,5762,200
2026-04-01,芜湖市,641,0,641,0
2026-04-01,合肥市,89,0,89,0
2026-04-01,青岛市,1407,0,1407,0
2026-04-01,杭州市,1405,0,1404,1
2026-04-01,金华市,11,9,2,0
2026-04-01,徐州市,12,0,12,0
2026-04-01,泉州市,999,0,599,400
2026-04-01,郑州市,440,0,440,0
2026-04-01,西安市,220,0,220,0
2026-04-02,南京市,7651,424,7227,0
2026-04-02,苏州市,12408,0,11465,943
2026-04-02,常州市,3541,0,3541,0
2026-04-02,南通市,1526,0,1526,0
2026-04-02,上海市,9227,1547,7672,8
2026-04-02,台州市,532,0,532,0
2026-04-02,无锡市,1436,0,1436,0
2026-04-02,温州市,2361,167,2194,0
2026-04-02,武汉市,3525,0,3525,0
2026-04-02,宁波市,6128,166,5762,200
2026-04-02,芜湖市,641,0,641,0
2026-04-02,合肥市,89,0,89,0
2026-04-02,青岛市,1407,0,1407,0
2026-04-02,杭州市,1405,0,1404,1
2026-04-02,金华市,11,9,2,0
2026-04-02,徐州市,12,0,12,0
2026-04-02,泉州市,999,0,599,400
2026-04-02,郑州市,440,0,440,0
2026-04-02,西安市,220,0,220,0
2026-04-03,南京市,7651,424,7227,0
2026-04-03,苏州市,12410,0,11467,943
2026-04-03,常州市,3540,0,3540,0
2026-04-03,南通市,1525,0,1525,0
2026-04-03,上海市,9227,1547,7672,8
2026-04-03,台州市,532,0,532,0
2026-04-03,无锡市,1436,0,1436,0
2026-04-03,温州市,2361,167,2194,0
2026-04-03,武汉市,3525,0,3525,0
2026-04-03,宁波市,6128,166,5762,200
2026-04-03,芜湖市,641,0,641,0
2026-04-03,合肥市,89,0,89,0
2026-04-03,青岛市,1407,0,1407,0
2026-04-03,杭州市,1405,0,1404,1
2026-04-03,金华市,11,9,2,0
2026-04-03,徐州市,12,0,12,0
2026-04-03,泉州市,1199,0,599,600
2026-04-03,郑州市,440,0,440,0
2026-04-03,西安市,440,0,440,0
2026-04-04,南京市,7651,424,7227,0
2026-04-04,苏州市,12407,0,11464,943
2026-04-04,常州市,3536,0,3536,0
2026-04-04,南通市,1526,0,1526,0
2026-04-04,上海市,9227,1547,7672,8
2026-04-04,台州市,532,0,532,0
2026-04-04,无锡市,1442,0,1442,0
2026-04-04,温州市,2361,167,2194,0
2026-04-04,武汉市,3525,0,3525,0
2026-04-04,宁波市,6128,166,5762,200
2026-04-04,芜湖市,641,0,641,0
2026-04-04,合肥市,89,0,89,0
2026-04-04,青岛市,1407,0,1407,0
2026-04-04,杭州市,1405,0,1404,1
2026-04-04,金华市,11,9,2,0
2026-04-04,徐州市,12,0,12,0
2026-04-04,泉州市,1199,0,599,600
2026-04-04,郑州市,440,0,440,0
2026-04-04,西安市,440,0,440,0
2026-04-05,南京市,7650,424,7226,0
2026-04-05,苏州市,12405,0,11462,943
2026-04-05,常州市,3539,0,3539,0
2026-04-05,南通市,1527,0,1527,0
2026-04-05,上海市,9227,1547,7672,8
2026-04-05,台州市,533,0,533,0
2026-04-05,无锡市,1441,0,1441,0
2026-04-05,温州市,2360,167,2193,0
2026-04-05,武汉市,3525,0,3525,0
2026-04-05,宁波市,6128,166,5762,200
2026-04-05,芜湖市,641,0,641,0
2026-04-05,合肥市,89,0,89,0
2026-04-05,青岛市,1407,0,1407,0
2026-04-05,杭州市,1405,0,1404,1
2026-04-05,金华市,11,9,2,0
2026-04-05,徐州市,12,0,12,0
2026-04-05,泉州市,1199,0,599,600
2026-04-05,郑州市,440,0,440,0
2026-04-05,西安市,440,0,440,0
2026-04-06,南京市,7618,424,7194,0
2026-04-06,苏州市,12400,0,11457,943
2026-04-06,常州市,3542,0,3542,0
2026-04-06,南通市,1451,0,1451,0
2026-04-06,上海市,9193,1547,7638,8
2026-04-06,台州市,533,0,533,0
2026-04-06,无锡市,1365,0,1365,0
2026-04-06,温州市,2360,167,2193,0
2026-04-06,武汉市,3525,0,3525,0
2026-04-06,宁波市,6348,166,5982,200
2026-04-06,芜湖市,641,0,641,0
2026-04-06,合肥市,89,0,89,0
2026-04-06,青岛市,1407,0,1407,0
2026-04-06,杭州市,1405,0,1404,1
2026-04-06,金华市,11,9,2,0
2026-04-06,徐州市,12,0,12,0
2026-04-06,泉州市,1199,0,599,600
2026-04-06,郑州市,440,0,440,0
2026-04-06,西安市,440,0,440,0
2026-04-07,南京市,7586,424,7162,0
2026-04-07,苏州市,12402,0,11459,943
2026-04-07,常州市,3536,0,3536,0
2026-04-07,南通市,1450,0,1450,0
2026-04-07,上海市,9209,1551,7648,10
2026-04-07,温州市,2460,167,2293,0
2026-04-07,台州市,534,0,534,0
2026-04-07,无锡市,1369,0,1369,0
2026-04-07,武汉市,3525,0,3525,0
2026-04-07,宁波市,6263,162,5903,198
2026-04-07,芜湖市,641,0,641,0
2026-04-07,合肥市,89,0,89,0
2026-04-07,青岛市,1407,0,1407,0
2026-04-07,杭州市,1406,0,1405,1
2026-04-07,金华市,11,9,2,0
2026-04-07,徐州市,12,0,12,0
2026-04-07,泉州市,1199,0,599,600
2026-04-07,郑州市,660,0,660,0
2026-04-07,西安市,440,0,440,0
2026-04-08,南京市,7587,424,7163,0
2026-04-08,苏州市,12404,0,11461,943
2026-04-08,常州市,3541,0,3541,0
2026-04-08,南通市,1450,0,1450,0
2026-04-08,上海市,9342,1574,7758,10
2026-04-08,温州市,2345,144,2201,0
2026-04-08,台州市,516,0,516,0
2026-04-08,无锡市,1361,0,1361,0
2026-04-08,武汉市,3525,0,3525,0
2026-04-08,宁波市,6263,162,5903,198
2026-04-08,芜湖市,641,0,641,0
2026-04-08,合肥市,89,0,89,0
2026-04-08,青岛市,1407,0,1407,0
2026-04-08,杭州市,1406,0,1405,1
2026-04-08,金华市,11,9,2,0
2026-04-08,徐州市,12,0,12,0
2026-04-08,泉州市,1199,0,599,600
2026-04-08,郑州市,660,0,660,0
2026-04-08,西安市,440,0,440,0
2026-04-09,南京市,7591,423,7168,0
2026-04-09,苏州市,12403,0,11460,943
2026-04-09,常州市,3641,0,3641,0
2026-04-09,南通市,1450,0,1450,0
2026-04-09,上海市,9238,1575,7653,10
2026-04-09,温州市,2346,144,2202,0
2026-04-09,台州市,514,0,514,0
2026-04-09,无锡市,1361,0,1361,0
2026-04-09,武汉市,3525,0,3525,0
2026-04-09,宁波市,6265,162,5905,198
2026-04-09,芜湖市,641,0,641,0
2026-04-09,合肥市,89,0,89,0
2026-04-09,青岛市,1407,0,1407,0
2026-04-09,杭州市,1406,0,1405,1
2026-04-09,金华市,11,9,2,0
2026-04-09,徐州市,12,0,12,0
2026-04-09,泉州市,1199,0,599,600
2026-04-09,郑州市,660,0,660,0
2026-04-09,西安市,440,0,440,0
2026-04-10,南京市,7590,423,7167,0
2026-04-10,苏州市,12376,0,11237,1139
2026-04-10,常州市,3548,0,3548,0
2026-04-10,南通市,1450,0,1450,0
2026-04-10,上海市,9567,1575,7978,14
2026-04-10,温州市,2346,144,2202,0
2026-04-10,台州市,514,0,514,0
2026-04-10,无锡市,1354,0,1354,0
2026-04-10,武汉市,3525,0,3525,0
2026-04-10,宁波市,6465,162,5905,398
2026-04-10,芜湖市,641,0,641,0
2026-04-10,合肥市,89,0,89,0
2026-04-10,青岛市,1407,0,1407,0
2026-04-10,杭州市,1406,0,1405,1
2026-04-10,金华市,11,9,2,0
2026-04-10,徐州市,12,0,12,0
2026-04-10,泉州市,1199,0,599,600
2026-04-10,郑州市,660,0,660,0
2026-04-10,西安市,440,0,440,0
2026-04-11,南京市,7590,423,7167,0
2026-04-11,苏州市,12367,0,11228,1139
2026-04-11,常州市,3543,0,3543,0
2026-04-11,南通市,1451,0,1451,0
2026-04-11,上海市,9570,1575,7981,14
2026-04-11,温州市,2346,144,2202,0
2026-04-11,台州市,514,0,514,0
2026-04-11,无锡市,1366,0,1366,0
2026-04-11,武汉市,3525,0,3525,0
2026-04-11,宁波市,6464,162,5904,398
2026-04-11,芜湖市,641,0,641,0
2026-04-11,合肥市,89,0,89,0
2026-04-11,青岛市,1625,0,1625,0
2026-04-11,杭州市,1627,0,1626,1
2026-04-11,金华市,11,9,2,0
2026-04-11,徐州市,12,0,12,0
2026-04-11,泉州市,1199,0,599,600
2026-04-11,郑州市,660,0,660,0
2026-04-11,西安市,440,0,440,0
2026-04-12,南京市,7590,423,7167,0
2026-04-12,苏州市,12368,0,11229,1139
2026-04-12,常州市,3546,0,3546,0
2026-04-12,南通市,1451,0,1451,0
2026-04-12,上海市,9570,1575,7981,14
2026-04-12,温州市,2346,144,2202,0
2026-04-12,台州市,514,0,514,0
2026-04-12,无锡市,1362,0,1362,0
2026-04-12,武汉市,3525,0,3525,0
2026-04-12,宁波市,6464,162,5904,398
2026-04-12,芜湖市,641,0,641,0
2026-04-12,合肥市,89,0,89,0
2026-04-12,青岛市,1625,0,1625,0
2026-04-12,杭州市,1627,0,1626,1
2026-04-12,金华市,11,9,2,0
2026-04-12,徐州市,12,0,12,0
2026-04-12,泉州市,1199,0,599,600
2026-04-12,郑州市,660,0,660,0
2026-04-12,西安市,440,0,440,0
2026-04-13,南京市,7736,423,7313,0
2026-04-13,苏州市,12366,0,11227,1139
2026-04-13,常州市,3547,0,3547,0
2026-04-13,南通市,1451,0,1451,0
2026-04-13,上海市,9375,1575,7786,14
2026-04-13,温州市,2346,144,2202,0
2026-04-13,台州市,514,0,514,0
2026-04-13,无锡市,1362,0,1362,0
2026-04-13,武汉市,3525,0,3525,0
2026-04-13,宁波市,6464,162,5904,398
2026-04-13,芜湖市,691,0,691,0
2026-04-13,合肥市,89,0,89,0
2026-04-13,青岛市,1625,0,1625,0
2026-04-13,杭州市,1627,0,1626,1
2026-04-13,金华市,11,9,2,0
2026-04-13,徐州市,12,0,12,0
2026-04-13,泉州市,1199,0,599,600
2026-04-13,郑州市,660,0,660,0
2026-04-13,西安市,440,0,440,0
2026-04-14,南京市,7710,423,7287,0
2026-04-14,苏州市,12363,0,11224,1139
2026-04-14,常州市,3551,0,3551,0
2026-04-14,南通市,1451,0,1451,0
2026-04-14,上海市,9220,1575,7631,14
2026-04-14,温州市,2346,144,2202,0
2026-04-14,台州市,734,0,734,0
2026-04-14,无锡市,1361,0,1361,0
2026-04-14,武汉市,3525,0,3525,0
2026-04-14,宁波市,6464,162,5904,398
2026-04-14,芜湖市,652,0,652,0
2026-04-14,合肥市,89,0,89,0
2026-04-14,青岛市,1625,0,1625,0
2026-04-14,杭州市,1627,0,1626,1
2026-04-14,金华市,11,9,2,0
2026-04-14,徐州市,12,0,12,0
2026-04-14,泉州市,1199,0,599,600
2026-04-14,郑州市,660,0,660,0
2026-04-14,西安市,440,0,440,0
2026-04-15,南京市,7709,423,7286,0
2026-04-15,苏州市,12561,0,11222,1339
2026-04-15,常州市,3547,0,3547,0
2026-04-15,南通市,1451,0,1451,0
2026-04-15,上海市,9252,1575,7663,14
2026-04-15,温州市,2336,144,2192,0
2026-04-15,台州市,712,0,712,0
2026-04-15,无锡市,1367,0,1367,0
2026-04-15,武汉市,3525,0,3525,0
2026-04-15,宁波市,6464,162,5904,398
2026-04-15,芜湖市,653,0,653,0
2026-04-15,合肥市,89,0,89,0
2026-04-15,青岛市,1625,0,1625,0
2026-04-15,杭州市,1627,0,1626,1
2026-04-15,金华市,11,9,2,0
2026-04-15,徐州市,12,0,12,0
2026-04-15,泉州市,1199,0,599,600
2026-04-15,郑州市,660,0,660,0
2026-04-15,西安市,440,0,440,0
