日期,城市,租用中用户数,渠道在租用户数,直客在租用户数,企业包在租用户数,寄存用户数,新增用户数,新增渠道用户数,新增直客用户数,新增企业包用户数,退租用户数,渠道退租用户数,直客退租用户数,企业包退租用户数,,,
2026-01-21,上海市,2,0,2,0,1,0,0,0,0,1,0,0,1,,,
2026-01-21,南京市,5209,1564,2016,1629,204,24,10,8,6,48,10,16,22,,,
2026-01-21,南通市,847,297,477,73,45,4,2,1,1,24,16,6,2,,,
2026-01-21,台州市,179,47,32,100,4,2,2,0,0,2,0,1,1,,,
2026-01-21,合肥市,0,0,0,0,0,0,0,0,0,0,0,0,0,,,
2026-01-21,宁波市,3913,1642,1674,597,200,19,9,4,6,33,16,9,8,,,
2026-01-21,常州市,2203,770,1140,293,152,0,0,0,0,11,5,2,4,,,
2026-01-21,徐州市,0,0,0,0,0,0,0,0,0,0,0,0,0,,,
2026-01-21,无锡市,855,399,413,43,104,12,11,1,0,17,11,5,1,,,
2026-01-21,杭州市,6,6,0,0,0,6,6,0,0,0,0,0,0,,,
2026-01-21,武汉市,2463,1493,943,27,162,8,8,0,0,24,20,4,0,,,
2026-01-21,温州市,1439,691,316,432,51,12,10,1,1,20,12,3,5,,,
2026-01-21,芜湖市,414,110,299,5,29,1,0,0,1,1,1,0,0,,,
2026-01-21,苏州市,8399,1984,4761,1654,528,26,16,8,2,82,30,39,13,,,
2026-01-21,鄂州市,0,0,0,0,0,0,0,0,0,0,0,0,0,,,
2026-01-21,金华市,0,0,0,0,0,0,0,0,0,0,0,0,0,,,
2026-01-21,青岛市,508,477,28,3,32,1,1,0,0,9,8,1,0,,,
2026-01-22,上海市,2,0,2,0,1,0,0,0,0,0,0,0,0,,,
2026-01-22,南京市,5202,1569,2009,1624,206,24,14,6,4,51,14,16,21,,,
2026-01-22,南通市,845,297,477,71,45,3,2,0,1,7,2,2,3,,,
2026-01-22,台州市,179,50,32,97,3,2,2,0,0,2,1,0,1,,,
2026-01-22,合肥市,0,0,0,0,0,0,0,0,0,0,0,0,0,,,
2026-01-22,宁波市,3894,1630,1667,597,200,12,6,3,3,42,21,10,11,,,
2026-01-22,常州市,2192,764,1132,296,147,3,1,1,1,12,4,7,1,,,
2026-01-22,徐州市,0,0,0,0,0,0,0,0,0,0,0,0,0,,,
2026-01-22,无锡市,849,397,410,42,101,5,5,0,0,11,6,4,1,,,
2026-01-22,杭州市,12,10,2,0,0,6,4,2,0,0,0,0,0,,,
2026-01-22,武汉市,2454,1488,939,27,167,14,14,0,0,36,30,5,1,,,
2026-01-22,温州市,1437,693,318,426,54,10,7,1,2,34,12,2,20,,,
2026-01-22,芜湖市,412,111,296,5,28,0,0,0,0,3,0,3,0,,,
2026-01-22,苏州市,8378,1968,4759,1651,538,24,15,8,1,73,38,22,13,,,
2026-01-22,鄂州市,0,0,0,0,0,0,0,0,0,0,0,0,0,,,
2026-01-22,金华市,0,0,0,0,0,0,0,0,0,0,0,0,0,,,
2026-01-22,青岛市,504,473,27,4,31,9,8,0,1,12,12,0,0,,,
2026-01-23,上海市,2,0,2,0,1,0,0,0,0,0,0,0,0,,,
2026-01-23,南京市,5191,1571,2000,1620,201,17,11,3,3,50,11,18,21,,,
2026-01-23,南通市,835,292,473,70,46,2,0,1,1,15,7,5,3,,,
2026-01-23,台州市,179,49,32,98,3,2,1,0,1,3,2,0,1,,,
2026-01-23,合肥市,0,0,0,0,0,0,0,0,0,0,0,0,0,,,
2026-01-23,宁波市,3889,1623,1663,603,201,22,13,3,6,45,24,14,7,,,
2026-01-23,常州市,2178,753,1129,296,139,3,2,1,0,13,9,3,1,,,
2026-01-23,徐州市,0,0,0,0,0,0,0,0,0,0,0,0,0,,,
2026-01-23,无锡市,846,396,411,39,98,6,4,2,0,11,5,3,3,,,
2026-01-23,杭州市,12,10,2,0,0,0,0,0,0,0,0,0,0,,,
2026-01-23,武汉市,2435,1472,937,26,169,13,11,2,0,31,25,6,0,,,
2026-01-23,温州市,1420,690,307,423,57,13,9,0,4,20,10,6,4,,,
2026-01-23,芜湖市,412,112,296,4,26,1,1,0,0,1,0,0,1,,,
2026-01-23,苏州市,8329,1951,4747,1631,530,22,16,6,0,82,32,30,20,,,
2026-01-23,鄂州市,0,0,0,0,0,0,0,0,0,0,0,0,0,,,
2026-01-23,金华市,0,0,0,0,0,0,0,0,0,0,0,0,0,,,
2026-01-23,青岛市,500,470,26,4,31,5,5,0,0,10,10,0,0,,,
2026-01-24,上海市,2,0,2,0,0,0,0,0,0,0,0,0,0,,,
2026-01-24,南京市,5171,1567,1992,1612,199,16,11,5,0,53,18,18,17,,,
2026-01-24,南通市,832,286,475,71,48,1,1,0,0,5,4,1,0,,,
2026-01-24,台州市,178,50,30,98,3,0,0,0,0,2,1,0,1,,,
2026-01-24,合肥市,0,0,0,0,0,0,0,0,0,0,0,0,0,,,
2026-01-24,宁波市,3862,1605,1654,603,209,12,6,2,4,51,20,14,17,,,
2026-01-24,常州市,2194,757,1133,304,136,12,7,2,3,14,8,5,1,,,
2026-01-24,徐州市,0,0,0,0,0,0,0,0,0,0,0,0,0,,,
2026-01-24,无锡市,843,394,410,39,99,5,4,1,0,7,5,2,0,,,
2026-01-24,杭州市,14,12,2,0,0,2,2,0,0,0,0,0,0,,,
2026-01-24,武汉市,2418,1459,932,27,166,15,13,2,0,32,27,5,0,,,
2026-01-24,温州市,1411,688,309,414,53,15,10,0,5,24,13,1,10,,,
2026-01-24,芜湖市,411,111,296,4,25,0,0,0,0,2,1,1,0,,,
2026-01-24,苏州市,8307,1953,4727,1627,530,29,26,3,0,70,22,36,12,,,
2026-01-24,鄂州市,0,0,0,0,0,0,0,0,0,0,0,0,0,,,
2026-01-24,金华市,0,0,0,0,0,0,0,0,0,0,0,0,0,,,
2026-01-24,青岛市,498,467,27,4,32,6,5,1,0,11,10,1,0,,,
2026-01-25,上海市,1,0,1,0,0,0,0,0,0,0,0,0,0,,,
2026-01-25,南京市,5156,1564,1983,1609,213,16,11,2,3,47,12,17,18,,,
2026-01-25,南通市,834,284,479,71,54,3,1,1,1,6,3,2,1,,,
2026-01-25,台州市,176,49,30,97,5,1,1,0,0,1,1,0,0,,,
2026-01-25,合肥市,0,0,0,0,0,0,0,0,0,0,0,0,0,,,
2026-01-25,宁波市,3848,1593,1655,600,211,9,5,2,2,40,24,9,7,,,
2026-01-25,常州市,2180,754,1124,302,144,5,2,1,2,16,8,6,2,,,
2026-01-25,徐州市,0,0,0,0,0,0,0,0,0,0,0,0,0,,,
2026-01-25,无锡市,846,393,414,39,103,8,4,4,0,5,3,2,0,,,
2026-01-25,杭州市,15,13,2,0,0,1,1,0,0,0,0,0,0,,,
2026-01-25,武汉市,2405,1449,929,27,177,13,13,0,0,30,25,4,1,,,
2026-01-25,温州市,1395,686,303,406,58,11,7,1,3,18,8,4,6,,,
2026-01-25,芜湖市,409,111,295,3,23,1,0,1,0,1,0,0,1,,,
2026-01-25,苏州市,8254,1942,4710,1602,552,30,25,5,0,91,44,26,21,,,
2026-01-25,鄂州市,0,0,0,0,0,0,0,0,0,0,0,0,0,,,
2026-01-25,金华市,0,0,0,0,0,0,0,0,0,0,0,0,0,,,
2026-01-25,青岛市,499,468,27,4,35,6,6,0,0,5,5,0,0,,,
2026-01-26,上海市,1,0,1,0,0,0,0,0,0,0,0,0,0,,,
2026-01-26,南京市,5130,1564,1967,1599,214,19,8,7,4,40,5,15,20,,,
2026-01-26,南通市,827,281,476,70,57,1,1,0,0,6,4,2,0,,,
2026-01-26,台州市,176,50,30,96,4,0,0,0,0,1,0,0,1,,,
2026-01-26,合肥市,0,0,0,0,0,0,0,0,0,0,0,0,0,,,
2026-01-26,宁波市,3839,1578,1659,602,212,15,3,5,7,44,21,10,13,,,
2026-01-26,常州市,2171,745,1127,299,146,3,3,0,0,17,6,8,3,,,
2026-01-26,徐州市,0,0,0,0,0,0,0,0,0,0,0,0,0,,,
2026-01-26,无锡市,852,399,413,40,104,11,11,0,0,7,5,1,1,,,
2026-01-26,杭州市,16,14,2,0,0,1,1,0,0,0,0,0,0,,,
2026-01-26,武汉市,2388,1431,930,27,180,7,6,1,0,36,32,4,0,,,
2026-01-26,温州市,1400,683,304,413,61,12,8,1,3,26,15,3,8,,,
2026-01-26,芜湖市,406,108,296,2,21,0,0,0,0,4,3,0,1,,,
2026-01-26,苏州市,8195,1924,4688,1583,563,20,12,6,2,86,37,25,24,,,
2026-01-26,鄂州市,0,0,0,0,0,0,0,0,0,0,0,0,0,,,
2026-01-26,金华市,0,0,0,0,0,0,0,0,0,0,0,0,0,,,
2026-01-26,青岛市,497,466,27,4,39,7,7,0,0,7,7,0,0,,,
2026-01-27,上海市,3,0,3,0,0,0,0,0,0,0,0,0,0,,,
2026-01-27,南京市,5121,1556,1974,1591,220,11,3,3,5,54,13,16,25,,,
2026-01-27,南通市,824,282,471,71,57,5,2,1,2,6,1,4,1,,,
2026-01-27,台州市,178,50,29,99,3,5,0,2,3,3,0,2,1,,,
2026-01-27,合肥市,0,0,0,0,0,0,0,0,0,0,0,0,0,,,
2026-01-27,宁波市,3806,1564,1646,596,215,9,6,1,2,38,15,14,9,,,
2026-01-27,常州市,2173,747,1125,301,146,4,2,1,1,12,3,7,2,,,
2026-01-27,徐州市,0,0,0,0,0,0,0,0,0,0,0,0,0,,,
2026-01-27,无锡市,848,396,412,40,104,3,2,1,0,9,7,1,1,,,
2026-01-27,杭州市,17,14,3,0,0,1,0,1,0,0,0,0,0,,,
2026-01-27,武汉市,2368,1419,922,27,191,15,14,1,0,32,22,10,0,,,
2026-01-27,温州市,1393,680,301,412,64,12,7,2,3,15,6,5,4,,,
2026-01-27,芜湖市,408,108,298,2,25,1,0,1,0,1,0,1,0,,,
2026-01-27,苏州市,8158,1924,4668,1566,565,23,18,3,2,84,23,39,22,,,
2026-01-27,鄂州市,0,0,0,0,0,0,0,0,0,0,0,0,0,,,
2026-01-27,金华市,0,0,0,0,0,0,0,0,0,0,0,0,0,,,
2026-01-27,青岛市,493,462,27,4,39,4,4,0,0,9,9,0,0,,,
2026-01-28,上海市,4,0,4,0,2,0,0,0,0,1,0,1,0,,,
2026-01-28,南京市,5079,1547,1955,1577,232,9,3,4,2,54,14,18,22,,,
2026-01-28,南通市,822,281,471,70,57,2,2,0,0,13,4,8,1,,,
2026-01-28,台州市,180,51,30,99,4,4,2,0,2,2,1,0,1,,,
2026-01-28,合肥市,0,0,0,0,0,0,0,0,0,0,0,0,0,,,
2026-01-28,宁波市,3783,1556,1641,586,231,14,9,2,3,45,19,10,16,,,
2026-01-28,常州市,2167,746,1120,301,143,9,6,1,2,19,7,8,4,,,
2026-01-28,徐州市,0,0,0,0,0,0,0,0,0,0,0,0,0,,,
2026-01-28,无锡市,845,395,411,39,107,6,5,1,0,9,6,1,2,,,
2026-01-28,杭州市,19,16,3,0,0,2,2,0,0,0,0,0,0,,,
2026-01-28,武汉市,2352,1404,921,27,198,17,17,0,0,36,32,4,0,,,
2026-01-28,温州市,1394,683,296,415,69,14,12,0,2,20,13,6,1,,,
2026-01-28,芜湖市,405,106,297,2,25,0,0,0,0,3,1,2,0,,,
2026-01-28,苏州市,8093,1912,4633,1548,571,30,22,5,3,108,37,48,23,,,
2026-01-28,鄂州市,0,0,0,0,0,0,0,0,0,0,0,0,0,,,
2026-01-28,金华市,0,0,0,0,0,0,0,0,0,0,0,0,0,,,
2026-01-28,青岛市,488,457,27,4,40,4,4,0,0,9,9,0,0,,,
2026-01-29,上海市,3,0,3,0,2,0,0,0,0,0,0,0,0,,,
2026-01-29,南京市,5066,1545,1955,1566,246,18,11,6,1,53,18,13,22,,,
2026-01-29,南通市,816,279,470,67,56,0,0,0,0,6,4,1,1,,,
2026-01-29,台州市,177,48,31,98,4,3,0,1,2,3,2,0,1,,,
2026-01-29,合肥市,0,0,0,0,0,0,0,0,0,0,0,0,0,,,
2026-01-29,宁波市,3750,1537,1635,578,237,13,7,2,4,56,23,17,16,,,
2026-01-29,常州市,2160,743,1121,296,147,7,5,1,1,15,6,5,4,,,
2026-01-29,徐州市,0,0,0,0,0,0,0,0,0,0,0,0,0,,,
2026-01-29,无锡市,838,392,411,35,105,5,5,0,0,12,6,4,2,,,
2026-01-29,杭州市,21,18,3,0,0,2,2,0,0,0,0,0,0,,,
2026-01-29,武汉市,2331,1388,915,28,198,8,7,1,0,27,21,5,1,,,
2026-01-29,温州市,1384,678,290,416,68,21,18,0,3,27,19,4,4,,,
2026-01-29,芜湖市,404,105,298,1,25,1,0,1,0,2,1,0,1,,,
2026-01-29,苏州市,8046,1898,4618,1530,596,28,18,9,1,95,33,40,22,,,
2026-01-29,鄂州市,0,0,0,0,0,0,0,0,0,0,0,0,0,,,
2026-01-29,金华市,0,0,0,0,0,0,0,0,0,0,0,0,0,,,
2026-01-29,青岛市,483,453,26,4,45,3,3,0,0,6,5,1,0,,,
2026-01-30,上海市,3,0,3,0,2,0,0,0,0,0,0,0,0,,,
2026-01-30,南京市,5038,1529,1948,1561,247,13,7,5,1,24,8,9,7,,,
2026-01-30,南通市,809,274,465,70,57,2,1,0,1,7,2,4,1,,,
2026-01-30,台州市,176,48,32,96,4,0,0,0,0,3,0,1,2,,,
2026-01-30,合肥市,0,0,0,0,0,0,0,0,0,0,0,0,0,,,
2026-01-30,宁波市,3724,1530,1619,575,248,17,8,1,8,37,16,11,10,,,
2026-01-30,常州市,2151,735,1117,299,152,4,1,1,2,12,6,5,1,,,
2026-01-30,徐州市,0,0,0,0,0,0,0,0,0,0,0,0,0,,,
2026-01-30,无锡市,833,389,407,37,107,4,4,0,0,9,4,5,0,,,
2026-01-30,杭州市,23,19,4,0,0,2,1,1,0,0,0,0,0,,,
2026-01-30,武汉市,2311,1371,912,28,207,6,6,0,0,30,25,5,0,,,
2026-01-30,温州市,1368,669,290,409,75,11,8,1,2,18,11,4,3,,,
2026-01-30,芜湖市,398,105,292,1,27,0,0,0,0,6,1,5,0,,,
2026-01-30,苏州市,7976,1886,4584,1506,600,18,13,4,1,72,20,39,13,,,
2026-01-30,鄂州市,0,0,0,0,0,0,0,0,0,0,0,0,0,,,
2026-01-30,金华市,0,0,0,0,0,0,0,0,0,0,0,0,0,,,
2026-01-30,青岛市,478,449,25,4,44,3,3,0,0,9,9,0,0,,,
2026-01-31,上海市,3,0,3,0,2,0,0,0,0,0,0,0,0,,,
2026-01-31,南京市,5017,1530,1945,1542,254,20,10,7,3,64,17,21,26,,,
2026-01-31,南通市,810,274,462,74,59,2,2,0,0,9,3,6,0,,,
2026-01-31,台州市,172,45,33,94,4,1,0,1,0,4,1,0,3,,,
2026-01-31,合肥市,0,0,0,0,0,0,0,0,0,0,0,0,0,,,
2026-01-31,宁波市,3685,1514,1608,563,261,16,9,3,4,56,26,17,13,,,
2026-01-31,常州市,2136,730,1112,294,152,7,1,4,2,30,10,10,10,,,
2026-01-31,徐州市,0,0,0,0,0,0,0,0,0,0,0,0,0,,,
2026-01-31,无锡市,837,396,404,37,106,14,10,4,0,16,8,8,0,,,
2026-01-31,杭州市,25,21,4,0,0,2,2,0,0,0,0,0,0,,,
2026-01-31,武汉市,2291,1356,907,28,204,15,14,1,0,32,29,3,0,,,
2026-01-31,温州市,1361,670,283,408,77,21,13,0,8,24,12,6,6,,,
2026-01-31,芜湖市,396,105,290,1,27,0,0,0,0,3,0,3,0,,,
2026-01-31,苏州市,7926,1877,4566,1483,622,27,23,4,0,111,38,40,33,,,
2026-01-31,鄂州市,0,0,0,0,0,0,0,0,0,0,0,0,0,,,
2026-01-31,金华市,0,0,0,0,0,0,0,0,0,0,0,0,0,,,
2026-01-31,青岛市,471,443,24,4,39,6,6,0,0,16,16,0,0,,,
2026-02-01,上海市,3,0,3,0,2,0,0,0,0,0,0,0,0,,,
2026-02-01,南京市,4958,1520,1928,1510,291,12,6,3,3,83,20,18,45,,,
2026-02-01,南通市,807,275,456,76,69,5,3,1,1,8,4,4,0,,,
2026-02-01,台州市,169,45,33,91,4,1,1,0,0,5,3,0,2,,,
2026-02-01,合肥市,0,0,0,0,0,0,0,0,0,0,0,0,0,,,
2026-02-01,宁波市,3638,1497,1586,555,283,18,12,2,4,83,30,34,19,,,
2026-02-01,常州市,2113,722,1102,289,170,8,7,0,1,31,13,12,6,,,
2026-02-01,徐州市,0,0,0,0,0,0,0,0,0,0,0,0,0,,,
2026-02-01,无锡市,822,390,399,33,121,2,2,0,0,21,11,8,2,,,
2026-02-01,杭州市,27,22,5,0,0,2,1,1,0,0,0,0,0,,,
2026-02-01,武汉市,2276,1343,905,28,214,14,12,2,0,28,21,6,1,,,
2026-02-01,温州市,1347,671,281,395,82,18,14,1,3,42,21,6,15,,,
2026-02-01,芜湖市,392,106,285,1,28,1,1,0,0,5,0,5,0,,,
2026-02-01,苏州市,7861,1880,4535,1446,674,42,28,13,1,129,31,54,44,,,
2026-02-01,鄂州市,0,0,0,0,0,0,0,0,0,0,0,0,0,,,
2026-02-01,金华市,0,0,0,0,0,0,0,0,0,0,0,0,0,,,
2026-02-01,青岛市,466,437,24,5,42,2,2,0,0,8,8,0,0,,,
2026-02-02,上海市,3,0,3,0,2,0,0,0,0,0,0,0,0,,,
2026-02-02,南京市,4897,1507,1925,1465,316,23,10,11,2,105,20,30,55,,,
2026-02-02,南通市,798,267,453,78,71,4,1,0,3,21,10,9,2,,,
2026-02-02,台州市,165,44,33,88,7,5,3,0,2,7,3,0,4,,,
2026-02-02,合肥市,0,0,0,0,0,0,0,0,0,0,0,0,0,,,
2026-02-02,宁波市,3612,1495,1568,549,309,23,14,1,8,71,22,27,22,,,
2026-02-02,常州市,2096,716,1100,280,179,7,5,2,0,34,13,15,6,,,
2026-02-02,徐州市,0,0,0,0,0,0,0,0,0,0,0,0,0,,,
2026-02-02,无锡市,821,389,398,34,122,5,4,1,0,10,7,3,0,,,
2026-02-02,杭州市,27,22,5,0,0,0,0,0,0,0,0,0,0,,,
2026-02-02,武汉市,2268,1337,905,26,235,14,13,1,0,32,25,7,0,,,
2026-02-02,温州市,1312,660,271,381,88,13,9,0,4,69,25,15,29,,,
2026-02-02,芜湖市,393,106,286,1,33,0,0,0,0,1,0,1,0,,,
2026-02-02,苏州市,7784,1873,4514,1397,724,25,19,6,0,117,29,38,50,,,
2026-02-02,鄂州市,0,0,0,0,0,0,0,0,0,0,0,0,0,,,
2026-02-02,金华市,0,0,0,0,0,0,0,0,0,0,0,0,0,,,
2026-02-02,青岛市,457,428,24,5,45,2,2,0,0,12,11,1,0,,,
2026-02-03,上海市,3,0,3,0,2,0,0,0,0,0,0,0,0,,,
2026-02-03,南京市,4863,1502,1921,1440,366,15,6,6,3,69,19,25,25,,,
2026-02-03,南通市,796,266,453,77,79,5,4,1,0,5,4,1,0,,,
2026-02-03,台州市,166,45,31,90,7,4,2,0,2,3,2,0,1,,,
2026-02-03,合肥市,0,0,0,0,0,0,0,0,0,0,0,0,0,,,
2026-02-03,宁波市,3569,1478,1559,532,339,7,3,3,1,55,26,14,15,,,
2026-02-03,常州市,2083,709,1097,277,193,4,3,1,0,16,7,3,6,,,
2026-02-03,徐州市,0,0,0,0,0,0,0,0,0,0,0,0,0,,,
2026-02-03,无锡市,825,393,399,33,127,10,8,2,0,11,5,5,1,,,
2026-02-03,杭州市,28,23,5,0,0,1,1,0,0,0,0,0,0,,,
2026-02-03,武汉市,2249,1327,896,26,259,9,9,0,0,27,19,8,0,,,
2026-02-03,泉州市,2,0,2,0,0,1,0,1,0,0,0,0,0,,,
2026-02-03,温州市,1292,647,267,378,103,15,11,0,4,33,16,5,12,,,
2026-02-03,芜湖市,396,107,288,1,34,1,1,0,0,1,0,1,0,,,
2026-02-03,苏州市,7745,1882,4487,1376,775,34,23,10,1,89,17,43,29,,,
2026-02-03,鄂州市,0,0,0,0,0,0,0,0,0,0,0,0,0,,,
2026-02-03,金华市,0,0,0,0,0,0,0,0,0,0,0,0,0,,,
2026-02-03,青岛市,456,427,24,5,47,2,2,0,0,1,1,0,0,,,
2026-02-04,上海市,3,0,3,0,2,0,0,0,0,0,0,0,0,,,
2026-02-04,南京市,4839,1501,1910,1428,371,16,10,2,4,53,12,18,23,,,
2026-02-04,南通市,791,262,447,82,78,0,0,0,0,9,2,4,3,,,
2026-02-04,台州市,172,47,33,92,6,7,3,1,3,2,1,0,1,,,
2026-02-04,合肥市,0,0,0,0,0,0,0,0,0,0,0,0,0,,,
2026-02-04,宁波市,3540,1468,1546,526,378,17,10,2,5,60,26,20,14,,,
2026-02-04,常州市,2060,699,1089,272,204,0,0,0,0,27,10,11,6,,,
2026-02-04,徐州市,0,0,0,0,0,0,0,0,0,0,0,0,0,,,
2026-02-04,无锡市,820,388,399,33,129,4,2,2,0,3,2,1,0,,,
2026-02-04,杭州市,31,25,6,0,0,3,2,1,0,0,0,0,0,,,
2026-02-04,武汉市,2228,1313,889,26,272,8,8,0,0,29,22,7,0,,,
2026-02-04,泉州市,3,0,3,0,1,0,0,0,0,0,0,0,0,,,
2026-02-04,温州市,1280,642,269,369,110,13,10,0,3,33,19,1,13,,,
2026-02-04,芜湖市,393,106,286,1,36,1,1,0,0,3,1,2,0,,,
2026-02-04,苏州市,7665,1862,4458,1345,824,21,12,9,0,116,35,48,33,,,
2026-02-04,鄂州市,0,0,0,0,0,0,0,0,0,0,0,0,0,,,
2026-02-04,金华市,0,0,0,0,0,0,0,0,0,0,0,0,0,,,
2026-02-04,青岛市,452,423,24,5,50,2,2,0,0,3,3,0,0,,,
2026-02-05,上海市,3,0,3,0,2,0,0,0,0,0,0,0,0,,,
2026-02-05,南京市,4794,1493,1898,1403,397,15,5,8,2,72,20,18,34,,,
2026-02-05,南通市,789,263,445,81,85,4,4,0,0,4,2,1,1,,,
2026-02-05,台州市,282,47,31,204,7,6,1,0,5,6,0,1,5,,,
2026-02-05,合肥市,0,0,0,0,0,0,0,0,0,0,0,0,0,,,
2026-02-05,宁波市,3496,1454,1525,517,409,11,6,3,2,42,14,15,13,,,
2026-02-05,常州市,2029,690,1072,267,225,5,4,1,0,34,12,16,6,,,
2026-02-05,徐州市,0,0,0,0,0,0,0,0,0,0,0,0,0,,,
2026-02-05,无锡市,824,391,400,33,132,10,9,1,0,10,8,2,0,,,
2026-02-05,杭州市,32,26,6,0,0,1,1,0,0,0,0,0,0,,,
2026-02-05,武汉市,2208,1303,881,24,276,12,12,0,0,28,22,5,1,,,
2026-02-05,泉州市,4,0,4,0,1,1,0,1,0,0,0,0,0,,,
2026-02-05,温州市,1156,638,262,256,110,8,7,0,1,27,14,5,8,,,
2026-02-05,芜湖市,391,105,285,1,39,0,0,0,0,2,2,0,0,,,
2026-02-05,苏州市,7605,1855,4439,1311,892,18,12,5,1,110,28,42,40,,,
2026-02-05,鄂州市,0,0,0,0,0,0,0,0,0,0,0,0,0,,,
2026-02-05,金华市,0,0,0,0,0,0,0,0,0,0,0,0,0,,,
2026-02-05,青岛市,456,430,22,4,53,8,8,0,0,3,2,0,1,,,
2026-02-06,上海市,3,0,3,0,2,0,0,0,0,0,0,0,0,,,
2026-02-06,南京市,4738,1503,1856,1379,400,11,5,3,3,53,10,20,23,,,
2026-02-06,南通市,789,262,443,84,86,3,1,0,2,3,2,1,0,,,
2026-02-06,台州市,279,46,31,202,7,2,1,0,1,2,1,0,1,,,
2026-02-06,合肥市,0,0,0,0,0,0,0,0,0,0,0,0,0,,,
2026-02-06,宁波市,3462,1453,1505,449,456,9,6,3,0,45,23,11,10,,,
2026-02-06,常州市,2016,687,1067,262,246,3,2,0,1,14,4,6,4,,,
2026-02-06,徐州市,0,0,0,0,0,0,0,0,0,0,0,0,0,,,
2026-02-06,无锡市,815,389,393,33,139,0,0,0,0,9,7,2,0,,,
2026-02-06,杭州市,32,26,6,0,0,0,0,0,0,0,0,0,0,,,
2026-02-06,武汉市,2183,1285,874,24,284,4,4,0,0,30,26,4,0,,,
2026-02-06,泉州市,4,0,4,0,1,0,0,0,0,0,0,0,0,,,
2026-02-06,温州市,1155,647,255,253,125,19,14,1,4,19,14,1,4,,,
2026-02-06,芜湖市,389,104,284,1,42,0,0,0,0,2,1,1,0,,,
2026-02-06,苏州市,7536,1861,4391,1284,938,15,13,1,1,77,17,29,31,,,
2026-02-06,鄂州市,0,0,0,0,0,0,0,0,0,0,0,0,0,,,
2026-02-06,金华市,0,0,0,0,0,0,0,0,0,0,0,0,0,,,
2026-02-06,青岛市,450,426,20,4,50,2,2,0,0,8,8,0,0,,,
2026-02-07,上海市,3,0,3,0,2,0,0,0,0,0,0,0,0,,,
2026-02-07,南京市,4687,1500,1833,1354,423,19,10,6,3,73,14,26,33,,,
2026-02-07,南通市,772,256,439,77,88,2,1,1,0,15,5,5,5,,,
2026-02-07,台州市,282,47,30,205,8,3,0,0,3,4,0,1,3,,,
2026-02-07,合肥市,0,0,0,0,0,0,0,0,0,0,0,0,0,,,
2026-02-07,宁波市,3423,1429,1496,445,499,11,8,1,2,51,25,14,10,,,
2026-02-07,常州市,1992,682,1061,249,270,1,1,0,0,24,7,8,9,,,
2026-02-07,徐州市,0,0,0,0,0,0,0,0,0,0,0,0,0,,,
2026-02-07,无锡市,809,387,387,35,153,1,1,0,0,8,4,4,0,,,
2026-02-07,杭州市,37,31,6,0,0,5,5,0,0,0,0,0,0,,,
2026-02-07,武汉市,2165,1270,871,24,308,10,10,0,0,34,27,5,2,,,
2026-02-07,泉州市,4,0,4,0,1,0,0,0,0,0,0,0,0,,,
2026-02-07,温州市,1147,646,250,251,141,10,8,0,2,19,10,5,4,,,
2026-02-07,芜湖市,387,103,283,1,44,0,0,0,0,3,1,2,0,,,
2026-02-07,苏州市,7465,1848,4365,1252,1048,22,18,2,2,121,31,41,49,,,
2026-02-07,鄂州市,0,0,0,0,0,0,0,0,0,0,0,0,0,,,
2026-02-07,金华市,0,0,0,0,0,0,0,0,0,0,0,0,0,,,
2026-02-07,青岛市,440,417,19,4,54,2,2,0,0,10,9,1,0,,,
2026-02-08,上海市,3,0,3,0,2,0,0,0,0,0,0,0,0,,,
2026-02-08,南京市,4633,1487,1834,1312,498,13,7,4,2,80,20,13,47,,,
2026-02-08,南通市,754,250,431,73,111,0,0,0,0,16,2,6,8,,,
2026-02-08,台州市,280,47,32,201,8,4,1,0,3,3,1,1,1,,,
2026-02-08,合肥市,0,0,0,0,0,0,0,0,0,0,0,0,0,,,
2026-02-08,宁波市,3384,1414,1486,432,566,12,8,1,2,59,24,24,9,,,
2026-02-08,常州市,1967,674,1053,240,305,3,3,0,0,27,9,9,9,,,
2026-02-08,徐州市,0,0,0,0,0,0,0,0,0,0,0,0,0,,,
2026-02-08,无锡市,801,381,385,35,164,3,3,0,0,12,8,3,1,,,
2026-02-08,杭州市,41,35,6,0,0,4,4,0,0,0,0,0,0,,,
2026-02-08,武汉市,2146,1257,865,24,354,15,14,1,0,39,32,7,0,,,
2026-02-08,泉州市,5,0,5,0,1,1,0,1,0,0,0,0,0,,,
2026-02-08,温州市,1143,642,245,256,154,20,11,0,9,22,9,5,8,,,
2026-02-08,芜湖市,388,104,283,1,52,1,1,0,0,1,0,1,0,,,
2026-02-08,苏州市,7382,1839,4333,1210,1207,34,26,6,2,123,35,41,47,,,
2026-02-08,鄂州市,0,0,0,0,0,0,0,0,0,0,0,0,0,,,
2026-02-08,金华市,0,0,0,0,0,0,0,0,0,0,0,0,0,,,
2026-02-08,青岛市,435,411,20,4,56,4,4,0,0,19,19,0,0,,,
2026-02-09,上海市,3,0,3,0,1,0,0,0,0,0,0,0,0,,,
2026-02-09,南京市,4544,1471,1809,1264,573,14,6,3,5,103,14,26,63,,,
2026-02-09,南通市,752,250,427,75,134,2,0,1,1,6,1,5,0,,,
2026-02-09,台州市,280,49,31,200,8,3,2,0,1,9,1,1,7,,,
2026-02-09,合肥市,0,0,0,0,0,0,0,0,0,0,0,0,0,,,
2026-02-09,宁波市,3353,1409,1467,423,655,11,7,2,1,53,17,24,12,,,
2026-02-09,常州市,1947,667,1049,231,351,4,4,0,0,29,10,6,13,,,
2026-02-09,徐州市,0,0,0,0,0,0,0,0,0,0,0,0,0,,,
2026-02-09,无锡市,799,377,389,33,173,3,2,1,0,11,7,2,2,,,
2026-02-09,杭州市,42,36,6,0,1,1,1,0,0,0,0,0,0,,,
2026-02-09,武汉市,2114,1233,856,25,422,7,6,1,0,34,28,5,1,,,
2026-02-09,泉州市,5,0,5,0,1,0,0,0,0,0,0,0,0,,,
2026-02-09,温州市,1144,646,244,254,158,17,13,2,2,18,10,2,6,,,
2026-02-09,芜湖市,390,106,283,1,56,2,2,0,0,1,1,0,0,,,
2026-02-09,苏州市,7277,1826,4289,1162,1349,23,12,8,3,125,22,46,57,,,
2026-02-09,鄂州市,0,0,0,0,0,0,0,0,0,0,0,0,0,,,
2026-02-09,金华市,0,0,0,0,0,0,0,0,0,0,0,0,0,,,
2026-02-09,青岛市,429,405,20,4,61,0,0,0,0,9,9,0,0,,,
2026-02-10,上海市,3,0,3,0,1,0,0,0,0,0,0,0,0,,,
2026-02-10,南京市,4476,1462,1809,1205,639,7,2,3,2,97,16,18,63,,,
2026-02-10,南通市,747,247,428,72,144,1,0,0,1,13,6,3,4,,,
2026-02-10,台州市,275,50,30,195,9,1,1,0,0,6,0,0,6,,,
2026-02-10,合肥市,0,0,0,0,0,0,0,0,0,0,0,0,0,,,
2026-02-10,宁波市,3315,1393,1459,409,722,12,8,2,1,59,24,19,14,,,
2026-02-10,常州市,1924,655,1044,225,409,4,3,1,0,29,14,10,5,,,
2026-02-10,徐州市,0,0,0,0,0,0,0,0,0,0,0,0,0,,,
2026-02-10,无锡市,791,372,387,32,182,1,1,0,0,6,4,1,1,,,
2026-02-10,杭州市,46,39,7,0,2,4,3,1,0,0,0,0,0,,,
2026-02-10,武汉市,2101,1222,854,25,460,9,9,0,0,25,18,7,0,,,
2026-02-10,泉州市,5,0,5,0,1,0,0,0,0,0,0,0,0,,,
2026-02-10,温州市,1143,651,245,247,163,11,5,1,5,15,4,3,8,,,
2026-02-10,芜湖市,388,107,280,1,60,0,0,0,0,3,0,3,0,,,
2026-02-10,苏州市,7191,1820,4255,1116,1516,33,18,14,1,122,23,51,48,,,
2026-02-10,鄂州市,0,0,0,0,0,0,0,0,0,0,0,0,0,,,
2026-02-10,金华市,0,0,0,0,0,0,0,0,0,0,0,0,0,,,
2026-02-10,青岛市,425,400,22,3,66,7,7,0,0,10,9,0,1,,,
2026-02-11,上海市,3,0,3,0,1,0,0,0,0,0,0,0,0,,,
2026-02-11,南京市,4407,1447,1794,1166,690,8,3,4,1,83,12,24,47,,,
2026-02-11,南通市,743,246,428,69,152,3,1,2,0,13,8,2,3,,,
2026-02-11,台州市,270,47,29,194,9,1,0,0,1,5,2,0,3,,,
2026-02-11,合肥市,0,0,0,0,0,0,0,0,0,0,0,0,0,,,
2026-02-11,宁波市,3301,1386,1458,403,783,14,8,2,3,37,18,10,9,,,
2026-02-11,常州市,1899,644,1034,221,445,6,3,2,1,27,10,8,9,,,
2026-02-11,徐州市,0,0,0,0,0,0,0,0,0,0,0,0,0,,,
2026-02-11,无锡市,787,368,388,31,199,4,4,0,0,11,8,2,1,,,
2026-02-11,杭州市,48,41,7,0,2,2,2,0,0,0,0,0,0,,,
2026-02-11,武汉市,2074,1196,853,25,494,6,5,1,0,29,23,5,1,,,
2026-02-11,泉州市,5,0,5,0,1,0,0,0,0,0,0,0,0,,,
2026-02-11,温州市,1132,646,247,239,166,10,8,1,1,33,14,1,18,,,
2026-02-11,芜湖市,387,107,280,0,63,1,1,0,0,3,1,1,1,,,
2026-02-11,苏州市,7120,1809,4221,1090,1650,19,9,9,1,105,24,44,37,,,
2026-02-11,鄂州市,0,0,0,0,0,0,0,0,0,0,0,0,0,,,
2026-02-11,金华市,0,0,0,0,0,0,0,0,0,0,0,0,0,,,
2026-02-11,青岛市,420,394,23,3,79,3,3,0,0,6,6,0,0,,,
2026-02-12,上海市,2,0,2,0,1,0,0,0,0,1,0,1,0,,,
2026-02-12,南京市,4364,1440,1788,1136,775,14,4,9,1,82,18,18,46,,,
2026-02-12,南通市,736,245,424,67,162,1,1,0,0,17,9,6,2,,,
2026-02-12,台州市,262,45,29,188,9,1,0,0,1,10,2,0,8,,,
2026-02-12,合肥市,0,0,0,0,0,0,0,0,0,0,0,0,0,,,
2026-02-12,宁波市,3261,1378,1446,383,874,15,10,3,1,56,19,15,21,,,
2026-02-12,常州市,1892,646,1036,210,513,8,5,3,0,26,9,5,12,,,
2026-02-12,徐州市,0,0,0,0,0,0,0,0,0,0,0,0,0,,,
2026-02-12,无锡市,778,367,381,30,227,4,4,0,0,13,5,7,1,,,
2026-02-12,杭州市,50,43,7,0,2,2,2,0,0,0,0,0,0,,,
2026-02-12,武汉市,2057,1186,848,23,545,12,11,1,0,30,21,7,2,,,
2026-02-12,泉州市,5,0,5,0,1,0,0,0,0,0,0,0,0,,,
2026-02-12,温州市,1115,636,247,232,177,5,4,0,1,19,9,2,8,,,
2026-02-12,芜湖市,385,107,278,0,70,0,0,0,0,3,0,3,0,,,
2026-02-12,苏州市,7035,1799,4200,1036,1823,25,20,4,1,126,28,37,61,,,
2026-02-12,鄂州市,0,0,0,0,0,0,0,0,0,0,0,0,0,,,
2026-02-12,金华市,0,0,0,0,0,0,0,0,0,0,0,0,0,,,
2026-02-12,青岛市,411,387,22,2,86,4,4,0,0,10,10,0,0,,,
2026-02-13,上海市,2,0,2,0,1,0,0,0,0,0,0,0,0,,,
2026-02-13,南京市,4282,1424,1768,1090,862,8,2,4,2,96,19,27,50,,,
2026-02-13,南通市,732,242,424,66,178,3,2,1,0,3,1,1,1,,,
2026-02-13,台州市,260,47,28,185,9,2,1,0,1,9,0,2,7,,,
2026-02-13,合肥市,0,0,0,0,0,0,0,0,0,0,0,0,0,,,
2026-02-13,宁波市,3240,1367,1446,375,926,10,3,3,3,38,14,9,13,,,
2026-02-13,常州市,1870,642,1028,200,573,4,2,1,1,30,6,13,11,,,
2026-02-13,徐州市,0,0,0,0,0,0,0,0,0,0,0,0,0,,,
2026-02-13,无锡市,764,359,376,29,246,1,1,0,0,15,10,4,1,,,
2026-02-13,杭州市,53,46,7,0,6,3,3,0,0,0,0,0,0,,,
2026-02-13,武汉市,2034,1166,846,22,602,6,5,1,0,22,18,3,1,,,
2026-02-13,泉州市,5,0,5,0,1,0,0,0,0,0,0,0,0,,,
2026-02-13,温州市,1089,616,244,229,181,6,4,1,1,26,19,4,3,,,
2026-02-13,芜湖市,382,105,277,0,87,0,0,0,0,3,2,1,0,,,
2026-02-13,苏州市,6930,1787,4157,986,1989,24,16,5,3,117,23,39,55,,,
2026-02-13,鄂州市,0,0,0,0,0,0,0,0,0,0,0,0,0,,,
2026-02-13,金华市,0,0,0,0,0,0,0,0,0,0,0,0,0,,,
2026-02-13,青岛市,410,385,23,2,96,1,1,0,0,6,6,0,0,,,
2026-02-14,上海市,2,0,2,0,1,0,0,0,0,0,0,0,0,,,
2026-02-14,南京市,4207,1415,1752,1040,998,12,7,2,3,79,16,13,50,,,
2026-02-14,南通市,727,239,424,64,200,0,0,0,0,5,2,2,1,,,
2026-02-14,台州市,241,46,25,170,9,2,1,0,1,15,2,4,9,,,
2026-02-14,合肥市,0,0,0,0,0,0,0,0,0,0,0,0,0,,,
2026-02-14,宁波市,3218,1356,1443,365,987,5,3,2,0,32,14,8,10,,,
2026-02-14,常州市,1854,638,1020,196,622,5,2,1,2,18,7,7,4,,,
2026-02-14,徐州市,0,0,0,0,0,0,0,0,0,0,0,0,0,,,
2026-02-14,无锡市,758,353,377,28,258,4,3,1,0,9,8,0,1,,,
2026-02-14,杭州市,54,47,7,0,7,1,1,0,0,0,0,0,0,,,
2026-02-14,武汉市,2003,1147,834,22,705,4,4,0,0,29,19,8,2,,,
2026-02-14,泉州市,5,0,5,0,1,0,0,0,0,0,0,0,0,,,
2026-02-14,温州市,1090,617,244,229,188,12,9,0,3,20,11,1,8,,,
2026-02-14,芜湖市,381,103,278,0,108,2,0,1,1,1,0,1,0,,,
2026-02-14,苏州市,6874,1784,4145,945,2151,18,11,7,0,98,16,38,44,,,
2026-02-14,鄂州市,0,0,0,0,0,0,0,0,0,0,0,0,0,,,
2026-02-14,金华市,0,0,0,0,0,0,0,0,0,0,0,0,0,,,
2026-02-14,青岛市,406,382,22,2,114,2,2,0,0,3,2,1,0,,,
2026-02-15,上海市,2,0,2,0,1,0,0,0,0,0,0,0,0,,,
2026-02-15,南京市,4168,1409,1743,1016,1060,12,4,6,2,46,4,13,29,,,
2026-02-15,南通市,721,237,423,61,215,2,1,1,0,8,2,3,3,,,
2026-02-15,台州市,242,45,25,172,9,1,0,0,1,3,0,0,3,,,
2026-02-15,合肥市,0,0,0,0,0,0,0,0,0,0,0,0,0,,,
2026-02-15,宁波市,3182,1343,1431,352,1003,6,3,2,0,26,11,8,7,,,
2026-02-15,常州市,1842,634,1012,196,638,3,2,0,1,14,6,6,2,,,
2026-02-15,徐州市,0,0,0,0,0,0,0,0,0,0,0,0,0,,,
2026-02-15,无锡市,749,350,373,26,266,1,1,0,0,10,3,5,2,,,
2026-02-15,杭州市,56,49,7,0,7,2,2,0,0,0,0,0,0,,,
2026-02-15,武汉市,1978,1129,830,19,760,4,4,0,0,16,13,2,1,,,
2026-02-15,泉州市,7,0,7,0,1,2,0,2,0,0,0,0,0,,,
2026-02-15,温州市,1079,613,242,224,193,7,6,0,1,22,14,3,5,,,
2026-02-15,芜湖市,383,103,279,1,124,3,0,3,0,1,0,1,0,,,
2026-02-15,苏州市,6832,1768,4133,931,2202,8,4,3,1,63,17,20,26,,,
2026-02-15,鄂州市,0,0,0,0,0,0,0,0,0,0,0,0,0,,,
2026-02-15,金华市,0,0,0,0,0,0,0,0,0,0,0,0,0,,,
2026-02-15,青岛市,405,381,22,2,128,2,2,0,0,4,4,0,0,,,
2026-02-16,上海市,2,0,2,0,1,0,0,0,0,0,0,0,0,,,
2026-02-16,南京市,4125,1404,1726,995,1087,6,3,2,1,22,3,5,14,,,
2026-02-16,南通市,715,235,421,59,221,2,0,2,0,9,2,3,4,,,
2026-02-16,台州市,233,46,24,163,9,0,0,0,0,5,0,1,4,,,
2026-02-16,合肥市,0,0,0,0,0,0,0,0,0,0,0,0,0,,,
2026-02-16,宁波市,3145,1331,1413,345,1000,2,1,1,0,18,5,5,8,,,
2026-02-16,常州市,1830,630,1005,195,651,2,1,1,0,7,5,0,2,,,
2026-02-16,徐州市,0,0,0,0,0,0,0,0,0,0,0,0,0,,,
2026-02-16,无锡市,746,351,368,27,272,2,2,0,0,2,1,1,0,,,
2026-02-16,杭州市,57,50,7,0,7,1,1,0,0,0,0,0,0,,,
2026-02-16,武汉市,1966,1115,831,20,772,6,5,1,0,11,11,0,0,,,
2026-02-16,泉州市,7,0,7,0,1,0,0,0,0,0,0,0,0,,,
2026-02-16,温州市,1056,604,243,209,192,2,2,0,0,4,4,0,0,,,
2026-02-16,芜湖市,382,103,278,1,121,0,0,0,0,1,0,1,0,,,
2026-02-16,苏州市,6775,1752,4107,916,2221,4,2,2,0,27,11,10,6,,,
2026-02-16,鄂州市,0,0,0,0,0,0,0,0,0,0,0,0,0,,,
2026-02-16,金华市,0,0,0,0,0,0,0,0,0,0,0,0,0,,,
2026-02-16,青岛市,404,380,22,2,132,1,1,0,0,1,1,0,0,,,
2026-02-17,上海市,2,0,2,0,1,0,0,0,0,0,0,0,0,,,
2026-02-17,南京市,4110,1398,1725,987,1084,11,3,6,2,17,3,4,10,,,
2026-02-17,南通市,709,234,418,57,225,0,0,0,0,4,0,3,1,,,
2026-02-17,台州市,228,44,24,160,9,0,0,0,0,3,1,0,2,,,
2026-02-17,合肥市,0,0,0,0,0,0,0,0,0,0,0,0,0,,,
2026-02-17,宁波市,3109,1320,1401,334,1006,0,0,0,0,14,5,4,4,,,
2026-02-17,常州市,1815,626,999,190,653,0,0,0,0,3,0,2,1,,,
2026-02-17,徐州市,0,0,0,0,0,0,0,0,0,0,0,0,0,,,
2026-02-17,无锡市,743,348,368,27,268,5,3,2,0,5,4,1,0,,,
2026-02-17,杭州市,57,50,7,0,7,0,0,0,0,0,0,0,0,,,
2026-02-17,武汉市,1935,1093,823,19,765,3,1,2,0,14,9,5,0,,,
2026-02-17,泉州市,7,0,7,0,1,0,0,0,0,0,0,0,0,,,
2026-02-17,温州市,1049,598,244,207,195,0,0,0,0,4,4,0,0,,,
2026-02-17,芜湖市,380,103,276,1,121,0,0,0,0,2,1,1,0,,,
2026-02-17,苏州市,6740,1742,4083,915,2215,12,6,3,3,34,7,18,9,,,
2026-02-17,鄂州市,0,0,0,0,0,0,0,0,0,0,0,0,0,,,
2026-02-17,金华市,0,0,0,0,0,0,0,0,0,0,0,0,0,,,
2026-02-17,青岛市,399,376,21,2,132,1,1,0,0,2,1,1,0,,,
2026-02-18,上海市,2,0,2,0,1,0,0,0,0,0,0,0,0,,,
2026-02-18,南京市,4098,1393,1721,984,1074,6,2,4,0,12,2,7,3,,,
2026-02-18,南通市,694,227,411,56,222,2,1,1,0,5,1,2,2,,,
2026-02-18,台州市,228,44,23,161,9,0,0,0,0,1,0,0,1,,,
2026-02-18,合肥市,0,0,0,0,0,0,0,0,0,0,0,0,0,,,
2026-02-18,宁波市,3097,1314,1402,328,1002,2,2,0,0,12,4,3,4,,,
2026-02-18,常州市,1808,621,999,188,647,2,1,0,1,5,3,2,0,,,
2026-02-18,徐州市,0,0,0,0,0,0,0,0,0,0,0,0,0,,,
2026-02-18,无锡市,729,344,358,27,270,1,1,0,0,10,5,5,0,,,
2026-02-18,杭州市,59,51,8,0,7,2,1,1,0,0,0,0,0,,,
2026-02-18,武汉市,1920,1084,817,19,755,4,4,0,0,14,14,0,0,,,
2026-02-18,泉州市,7,0,7,0,1,0,0,0,0,0,0,0,0,,,
2026-02-18,温州市,1042,593,246,203,193,8,5,0,3,9,3,0,6,,,
2026-02-18,芜湖市,380,104,275,1,121,0,0,0,0,1,1,0,0,,,
2026-02-18,苏州市,6701,1733,4063,905,2209,7,6,1,0,29,12,12,5,,,
2026-02-18,鄂州市,0,0,0,0,0,0,0,0,0,0,0,0,0,,,
2026-02-18,金华市,0,0,0,0,0,0,0,0,0,0,0,0,0,,,
2026-02-18,青岛市,394,373,19,2,130,0,0,0,0,0,0,0,0,,,
2026-02-19,上海市,2,0,2,0,1,0,0,0,0,0,0,0,0,,,
2026-02-19,南京市,4089,1395,1719,975,1045,12,6,3,3,23,5,10,8,,,
2026-02-19,南通市,687,227,404,56,218,0,0,0,0,4,1,3,0,,,
2026-02-19,台州市,224,45,21,158,9,2,0,0,2,9,0,1,8,,,
2026-02-19,合肥市,0,0,0,0,0,0,0,0,0,0,0,0,0,,,
2026-02-19,宁波市,3071,1303,1396,319,990,5,2,0,1,11,7,4,0,,,
2026-02-19,常州市,1800,616,998,186,640,1,1,0,0,6,4,1,1,,,
2026-02-19,徐州市,0,0,0,0,0,0,0,0,0,0,0,0,0,,,
2026-02-19,无锡市,725,342,356,27,267,1,0,1,0,3,1,2,0,,,
2026-02-19,杭州市,60,52,8,0,7,0,0,0,0,0,0,0,0,,,
2026-02-19,武汉市,1916,1082,817,17,740,5,4,1,0,14,10,2,2,,,
2026-02-19,泉州市,7,0,7,0,1,0,0,0,0,0,0,0,0,,,
2026-02-19,温州市,1035,592,242,201,189,3,3,0,0,20,12,4,4,,,
2026-02-19,芜湖市,379,105,274,0,114,1,1,0,0,2,0,1,1,,,
2026-02-19,苏州市,6672,1727,4050,895,2173,10,7,1,2,35,11,15,9,,,
2026-02-19,鄂州市,0,0,0,0,0,0,0,0,0,0,0,0,0,,,
2026-02-19,金华市,0,0,0,0,0,0,0,0,0,0,0,0,0,,,
2026-02-19,青岛市,390,369,19,2,125,0,0,0,0,3,3,0,0,,,
2026-02-20,上海市,2,0,2,0,1,0,0,0,0,0,0,0,0,,,
2026-02-20,南京市,4097,1390,1725,982,997,5,0,1,4,25,7,5,13,,,
2026-02-20,南通市,694,231,407,56,212,1,1,0,0,1,0,0,1,,,
2026-02-20,台州市,223,42,24,157,9,2,0,1,1,4,2,0,2,,,
2026-02-20,合肥市,0,0,0,0,0,0,0,0,0,0,0,0,0,,,
2026-02-20,宁波市,3067,1294,1403,317,968,5,2,1,2,16,9,2,5,,,
2026-02-20,常州市,1794,609,997,188,616,1,0,1,0,6,5,1,0,,,
2026-02-20,徐州市,0,0,0,0,0,0,0,0,0,0,0,0,0,,,
2026-02-20,无锡市,726,340,356,30,256,1,1,0,0,6,4,2,0,,,
2026-02-20,杭州市,61,53,8,0,6,5,5,0,0,0,0,0,0,,,
2026-02-20,武汉市,1924,1087,820,17,712,6,6,0,0,6,4,2,0,,,
2026-02-20,泉州市,7,0,7,0,1,0,0,0,0,0,0,0,0,,,
2026-02-20,温州市,1030,587,240,203,187,7,4,2,1,6,3,2,1,,,
2026-02-20,芜湖市,379,103,276,0,110,1,1,0,0,1,1,0,0,,,
2026-02-20,苏州市,6656,1714,4041,901,2117,10,6,2,2,37,8,21,8,,,
2026-02-20,鄂州市,0,0,0,0,0,0,0,0,0,0,0,0,0,,,
2026-02-20,金华市,0,0,0,0,0,0,0,0,0,0,0,0,0,,,
2026-02-20,青岛市,388,367,19,2,120,4,4,0,0,6,5,1,0,,,
2026-02-21,上海市,2,0,2,0,1,0,0,0,0,0,0,0,0,,,
2026-02-21,南京市,4122,1386,1729,1007,956,8,2,3,3,28,15,8,5,,,
2026-02-21,南通市,694,228,407,59,193,2,1,1,0,8,3,5,0,,,
2026-02-21,台州市,223,41,25,157,9,1,0,0,1,1,1,0,0,,,
2026-02-21,合肥市,0,0,0,0,0,0,0,0,0,0,0,0,0,,,
2026-02-21,宁波市,3066,1291,1404,318,950,10,7,0,3,16,7,6,3,,,
2026-02-21,常州市,1783,603,995,185,601,3,2,1,0,10,6,3,1,,,
2026-02-21,徐州市,0,0,0,0,0,0,0,0,0,0,0,0,0,,,
2026-02-21,无锡市,728,347,350,31,251,5,4,1,0,2,2,0,0,,,
2026-02-21,杭州市,61,55,6,0,6,3,3,0,0,0,0,0,0,,,
2026-02-21,武汉市,1926,1089,821,16,677,6,6,0,0,7,7,0,0,,,
2026-02-21,泉州市,7,0,7,0,1,0,0,0,0,0,0,0,0,,,
2026-02-21,温州市,1030,583,244,203,179,5,2,3,0,4,3,0,1,,,
2026-02-21,芜湖市,379,103,276,0,102,0,0,0,0,0,0,0,0,,,
2026-02-21,苏州市,6683,1733,4039,911,2018,16,12,4,0,40,13,21,6,,,
2026-02-21,鄂州市,0,0,0,0,0,0,0,0,0,0,0,0,0,,,
2026-02-21,金华市,0,0,0,0,0,0,0,0,0,0,0,0,0,,,
2026-02-21,青岛市,388,367,19,2,110,3,3,0,0,3,3,0,0,,,
2026-02-22,上海市,2,0,2,0,1,0,0,0,0,0,0,0,0,,,
2026-02-22,南京市,4179,1397,1737,1045,863,13,5,4,4,26,7,10,9,,,
2026-02-22,南通市,697,229,405,63,178,3,1,0,2,7,4,3,0,,,
2026-02-22,台州市,229,41,24,164,10,3,0,0,3,5,1,1,3,,,
2026-02-22,合肥市,0,0,0,0,0,0,0,0,0,0,0,0,0,,,
2026-02-22,宁波市,3075,1299,1409,316,906,12,5,5,2,21,5,8,4,,,
2026-02-22,常州市,1803,611,1006,186,552,3,2,1,0,5,3,1,1,,,
2026-02-22,徐州市,0,0,0,0,0,0,0,0,0,0,0,0,0,,,
2026-02-22,无锡市,742,354,356,32,233,6,4,2,0,3,1,2,0,,,
2026-02-22,杭州市,67,61,6,0,7,7,7,0,0,1,1,0,0,,,
2026-02-22,武汉市,1943,1094,832,17,579,14,12,2,0,16,15,0,1,,,
2026-02-22,泉州市,7,0,7,0,1,0,0,0,0,0,0,0,0,,,
2026-02-22,温州市,1028,581,244,203,166,7,6,1,0,30,14,4,12,,,
2026-02-22,芜湖市,377,104,273,0,94,1,1,0,0,2,1,1,0,,,
2026-02-22,苏州市,6749,1746,4064,939,1849,22,16,4,2,33,12,13,8,,,
2026-02-22,鄂州市,0,0,0,0,0,0,0,0,0,0,0,0,0,,,
2026-02-22,金华市,0,0,0,0,0,0,0,0,0,0,0,0,0,,,
2026-02-22,青岛市,386,367,17,2,96,4,4,0,0,3,3,0,0,,,
2026-02-23,上海市,2,0,2,0,1,0,0,0,0,0,0,0,0,,,
2026-02-23,南京市,4228,1411,1741,1076,741,14,9,4,1,25,13,9,3,,,
2026-02-23,南通市,702,234,401,67,154,7,6,0,1,11,4,7,0,,,
2026-02-23,台州市,237,42,24,171,9,12,2,1,9,2,1,0,1,,,
2026-02-23,合肥市,0,0,0,0,0,0,0,0,0,0,0,0,0,,,
2026-02-23,宁波市,3109,1311,1428,322,851,15,12,1,2,25,10,8,6,,,
2026-02-23,常州市,1824,614,1013,197,471,8,4,4,0,8,4,4,0,,,
2026-02-23,徐州市,0,0,0,0,0,0,0,0,0,0,0,0,0,,,
2026-02-23,无锡市,749,360,355,34,208,14,12,2,0,9,3,6,0,,,
2026-02-23,杭州市,73,67,6,0,5,7,7,0,0,0,0,0,0,,,
2026-02-23,武汉市,1963,1104,839,20,501,16,16,0,0,15,14,1,0,,,
2026-02-23,泉州市,7,0,7,0,1,0,0,0,0,0,0,0,0,,,
2026-02-23,温州市,1035,585,248,202,155,13,10,1,2,13,7,3,3,,,
2026-02-23,芜湖市,379,105,274,0,77,1,1,0,0,1,0,1,0,,,
2026-02-23,苏州市,6841,1761,4099,981,1645,38,28,10,0,42,9,21,12,,,
2026-02-23,鄂州市,0,0,0,0,0,0,0,0,0,0,0,0,0,,,
2026-02-23,金华市,0,0,0,0,0,0,0,0,0,0,0,0,0,,,
2026-02-23,青岛市,391,372,17,2,82,5,5,0,0,3,3,0,0,,,
2026-02-24,上海市,2,0,2,0,1,0,0,0,0,0,0,0,0,,,
2026-02-24,南京市,4290,1420,1766,1104,661,18,10,5,3,35,10,13,12,,,
2026-02-24,南通市,708,234,403,71,133,2,1,1,0,3,3,0,0,,,
2026-02-24,台州市,249,45,25,179,8,16,3,0,13,4,0,0,4,,,
2026-02-24,合肥市,0,0,0,0,0,0,0,0,0,0,0,0,0,,,
2026-02-24,宁波市,3132,1322,1438,372,779,21,15,4,2,37,12,11,14,,,
2026-02-24,常州市,1850,629,1016,205,405,4,4,0,0,17,2,9,6,,,
2026-02-24,徐州市,0,0,0,0,0,0,0,0,0,0,0,0,0,,,
2026-02-24,无锡市,758,366,355,37,189,7,6,1,0,9,5,4,0,,,
2026-02-24,杭州市,84,76,8,0,4,8,6,2,0,0,0,0,0,,,
2026-02-24,武汉市,1991,1124,846,21,427,18,15,2,1,22,19,3,0,,,
2026-02-24,泉州市,9,0,9,0,1,1,0,1,0,0,0,0,0,,,
2026-02-24,温州市,1042,588,249,205,135,12,10,0,2,19,8,0,11,,,
2026-02-24,芜湖市,381,104,277,0,62,1,0,1,0,2,1,1,0,,,
2026-02-24,苏州市,6940,1768,4140,1032,1414,34,19,12,3,69,27,29,13,,,
2026-02-24,鄂州市,0,0,0,0,0,0,0,0,0,0,0,0,0,,,
2026-02-24,金华市,0,0,0,0,0,0,0,0,0,0,0,0,0,,,
2026-02-24,青岛市,398,378,18,2,70,5,4,1,0,6,6,0,0,,,
2026-02-25,上海市,2,0,2,0,1,0,0,0,0,0,0,0,0,,,
2026-02-25,南京市,4355,1445,1777,1133,594,23,16,3,4,37,12,14,11,,,
2026-02-25,南通市,710,236,404,70,133,3,1,1,1,5,0,2,3,,,
2026-02-25,台州市,254,46,25,183,8,10,1,0,9,6,1,0,5,,,
2026-02-25,合肥市,0,0,0,0,0,0,0,0,0,0,0,0,0,,,
2026-02-25,宁波市,3191,1347,1453,344,721,28,13,5,10,26,13,9,4,,,
2026-02-25,常州市,1870,638,1024,208,361,11,6,4,1,14,9,3,2,,,
2026-02-25,徐州市,0,0,0,0,0,0,0,0,0,0,0,0,0,,,
2026-02-25,无锡市,767,371,358,38,175,9,6,3,0,4,1,3,0,,,
2026-02-25,杭州市,91,82,9,0,3,7,6,1,0,1,0,1,0,,,
2026-02-25,武汉市,2009,1140,847,22,386,20,19,1,0,12,11,1,0,,,
2026-02-25,泉州市,10,0,10,0,1,1,0,1,0,0,0,0,0,,,
2026-02-25,温州市,1074,603,256,215,132,22,14,2,6,12,5,2,5,,,
2026-02-25,芜湖市,383,105,278,0,59,1,1,0,0,0,0,0,0,,,
2026-02-25,苏州市,7040,1802,4165,1073,1276,49,38,9,2,59,29,26,4,,,
2026-02-25,鄂州市,0,0,0,0,0,0,0,0,0,0,0,0,0,,,
2026-02-25,金华市,0,0,0,0,0,0,0,0,0,0,0,0,0,,,
2026-02-25,青岛市,409,388,19,2,61,10,10,0,0,4,2,2,0,,,
2026-02-26,上海市,2,0,2,0,1,0,0,0,0,0,0,0,0,,,
2026-02-26,南京市,4399,1453,1789,1157,553,23,10,8,5,30,12,9,9,,,
2026-02-26,南通市,712,236,403,73,123,4,1,1,2,5,2,3,0,,,
2026-02-26,台州市,265,47,25,193,8,10,1,0,9,4,0,0,4,,,
2026-02-26,合肥市,0,0,0,0,0,0,0,0,0,0,0,0,0,,,
2026-02-26,宁波市,3218,1360,1457,401,686,19,12,3,4,30,11,9,10,,,
2026-02-26,常州市,1880,639,1030,211,339,6,2,3,1,7,2,5,0,,,
2026-02-26,徐州市,0,0,0,0,0,0,0,0,0,0,0,0,0,,,
2026-02-26,无锡市,770,372,357,41,163,5,4,0,1,4,4,0,0,,,
2026-02-26,杭州市,98,88,10,0,4,5,5,0,0,0,0,0,0,,,
2026-02-26,武汉市,2012,1135,854,23,355,14,14,0,0,24,19,5,0,,,
2026-02-26,泉州市,10,0,10,0,1,0,0,0,0,0,0,0,0,,,
2026-02-26,温州市,1081,604,256,221,131,20,12,0,8,15,11,1,3,,,
2026-02-26,芜湖市,385,104,281,0,60,1,0,1,0,0,0,0,0,,,
2026-02-26,苏州市,7091,1809,4182,1100,1201,31,22,8,1,43,18,16,9,,,
2026-02-26,鄂州市,0,0,0,0,0,0,0,0,0,0,0,0,0,,,
2026-02-26,金华市,0,0,0,0,0,0,0,0,0,0,0,0,0,,,
2026-02-26,青岛市,410,389,19,2,55,4,4,0,0,2,2,0,0,,,
2026-02-27,上海市,2,0,2,0,1,0,0,0,0,0,0,0,0,,,
2026-02-27,南京市,4460,1471,1784,1205,508,39,17,10,12,30,10,9,11,,,
2026-02-27,南通市,720,242,404,74,115,7,4,1,2,6,3,2,1,,,
2026-02-27,台州市,269,49,26,194,7,10,4,1,5,6,1,0,5,,,
2026-02-27,合肥市,0,0,0,0,0,0,0,0,0,0,0,0,0,,,
2026-02-27,宁波市,3255,1374,1469,412,629,19,11,4,4,17,8,7,2,,,
2026-02-27,常州市,1899,645,1036,218,307,9,7,2,0,18,9,5,4,,,
2026-02-27,徐州市,0,0,0,0,0,0,0,0,0,0,0,0,0,,,
2026-02-27,无锡市,779,378,360,41,148,8,8,0,0,9,7,2,0,,,
2026-02-27,杭州市,111,101,10,0,4,14,14,0,0,2,2,0,0,,,
2026-02-27,武汉市,2006,1127,855,24,317,6,6,0,0,39,31,8,0,,,
2026-02-27,泉州市,11,1,10,0,1,1,1,0,0,0,0,0,0,,,
2026-02-27,温州市,1101,622,255,224,119,27,24,2,1,15,8,4,3,,,
2026-02-27,芜湖市,391,107,284,0,51,4,3,1,0,2,0,2,0,,,
2026-02-27,苏州市,7177,1835,4208,1134,1081,52,30,20,2,62,19,33,10,,,
2026-02-27,鄂州市,0,0,0,0,0,0,0,0,0,0,0,0,0,,,
2026-02-27,金华市,0,0,0,0,0,0,0,0,0,0,0,0,0,,,
2026-02-27,青岛市,415,394,19,2,51,10,10,0,0,6,6,0,0,,,
2026-02-28,上海市,2,0,2,0,1,0,0,0,0,0,0,0,0,,,
2026-02-28,南京市,4531,1489,1807,1235,463,49,29,10,10,51,18,13,20,,,
2026-02-28,南通市,731,244,410,77,102,3,1,2,0,3,2,1,0,,,
2026-02-28,台州市,271,50,27,194,7,5,1,1,3,5,0,0,5,,,
2026-02-28,合肥市,0,0,0,0,0,0,0,0,0,0,0,0,0,,,
2026-02-28,宁波市,3302,1407,1473,422,576,39,21,6,12,32,9,13,10,,,
2026-02-28,常州市,1927,656,1045,226,279,14,9,5,0,8,4,4,0,,,
2026-02-28,徐州市,0,0,0,0,0,0,0,0,0,0,0,0,0,,,
2026-02-28,无锡市,781,382,357,42,142,7,7,0,0,3,2,1,0,,,
2026-02-28,杭州市,119,109,10,0,3,9,9,0,0,0,0,0,0,,,
2026-02-28,武汉市,2023,1145,853,25,296,18,18,0,0,22,13,8,1,,,
2026-02-28,泉州市,12,2,10,0,1,1,1,0,0,0,0,0,0,,,
2026-02-28,温州市,1115,626,265,224,107,21,17,1,3,18,16,0,2,,,
2026-02-28,芜湖市,389,108,280,1,51,2,1,1,0,5,1,4,0,,,
2026-02-28,苏州市,7241,1863,4216,1162,1009,72,50,22,0,92,39,43,10,,,
2026-02-28,鄂州市,0,0,0,0,0,0,0,0,0,0,0,0,0,,,
2026-02-28,金华市,0,0,0,0,0,0,0,0,0,0,0,0,0,,,
2026-02-28,青岛市,416,395,19,2,47,7,7,0,0,7,7,0,0,,,
2026-03-01,上海市,2,0,2,0,1,0,0,0,0,0,0,0,0,,,
2026-03-01,南京市,4554,1503,1813,1238,453,35,25,6,4,41,12,10,19,,,
2026-03-01,南通市,733,243,411,79,105,5,0,1,4,3,0,2,1,,,
2026-03-01,台州市,276,51,27,198,7,6,0,0,6,2,1,1,0,,,
2026-03-01,合肥市,0,0,0,0,0,0,0,0,0,0,0,0,0,,,
2026-03-01,宁波市,3315,1423,1467,425,543,23,19,1,3,27,11,10,6,,,
2026-03-01,常州市,1938,657,1056,225,262,6,2,4,0,3,2,1,0,,,
2026-03-01,徐州市,0,0,0,0,0,0,0,0,0,0,0,0,0,,,
2026-03-01,无锡市,781,383,355,43,134,7,6,0,1,8,7,1,0,,,
2026-03-01,杭州市,133,123,10,0,4,14,14,0,0,0,0,0,0,,,
2026-03-01,武汉市,2037,1159,855,23,287,17,16,1,0,9,3,3,3,,,
2026-03-01,泉州市,12,2,10,0,1,0,0,0,0,0,0,0,0,,,
2026-03-01,温州市,1112,623,263,226,109,10,7,0,3,20,14,3,3,,,
2026-03-01,芜湖市,393,111,281,1,50,2,2,0,0,1,0,1,0,,,
2026-03-01,苏州市,7278,1876,4223,1179,965,35,24,10,1,43,16,24,3,,,
2026-03-01,鄂州市,0,0,0,0,0,0,0,0,0,0,0,0,0,,,
2026-03-01,金华市,0,0,0,0,0,0,0,0,0,0,0,0,0,,,
2026-03-01,青岛市,420,400,18,2,49,10,10,0,0,3,3,0,0,,,
2026-03-02,上海市,3,0,3,0,1,0,0,0,0,0,0,0,0,,,
2026-03-02,南京市,4627,1515,1842,1270,428,35,15,15,5,33,11,11,11,,,
2026-03-02,南通市,745,254,413,78,98,8,6,0,2,10,5,3,2,,,
2026-03-02,台州市,280,53,26,201,6,6,2,0,4,6,1,0,5,,,
2026-03-02,合肥市,0,0,0,0,0,0,0,0,0,0,0,0,0,,,
2026-03-02,宁波市,3372,1458,1487,427,492,50,30,8,12,28,9,8,11,,,
2026-03-02,常州市,1960,670,1062,228,246,11,9,1,1,4,1,3,0,,,
2026-03-02,徐州市,0,0,0,0,0,0,0,0,0,0,0,0,0,,,
2026-03-02,无锡市,787,385,357,45,121,13,10,3,0,9,7,2,0,,,
2026-03-02,杭州市,145,136,9,0,4,11,11,0,0,0,0,0,0,,,
2026-03-02,武汉市,2051,1169,856,26,272,20,19,1,0,26,20,6,0,,,
2026-03-02,泉州市,15,5,10,0,1,3,3,0,0,0,0,0,0,,,
2026-03-02,温州市,1140,641,266,233,99,32,27,1,4,14,13,0,1,,,
2026-03-02,芜湖市,394,111,281,2,43,1,1,0,0,3,1,2,0,,,
2026-03-02,苏州市,7364,1915,4254,1195,885,57,45,11,1,51,22,21,8,,,
2026-03-02,鄂州市,0,0,0,0,0,0,0,0,0,0,0,0,0,,,
2026-03-02,金华市,0,0,0,0,0,0,0,0,0,0,0,0,0,,,
2026-03-02,青岛市,415,396,17,2,44,3,3,0,0,9,8,1,0,,,
2026-03-03,上海市,2,0,2,0,1,0,0,0,0,1,0,1,0,,,
2026-03-03,南京市,4639,1520,1841,1278,416,19,10,6,3,38,7,20,11,,,
2026-03-03,南通市,752,257,414,81,95,5,2,1,2,4,1,2,1,,,
2026-03-03,台州市,279,54,26,199,4,5,2,0,3,8,1,1,6,,,
2026-03-03,合肥市,0,0,0,0,0,0,0,0,0,0,0,0,0,,,
2026-03-03,宁波市,3404,1479,1497,428,470,36,23,7,6,37,11,8,18,,,
2026-03-03,常州市,1969,676,1065,228,237,12,10,2,0,17,8,4,5,,,
2026-03-03,徐州市,0,0,0,0,0,0,0,0,0,0,0,0,0,,,
2026-03-03,无锡市,798,392,360,46,119,8,7,1,0,5,3,2,0,,,
2026-03-03,杭州市,162,153,9,0,3,18,17,1,0,1,1,0,0,,,
2026-03-03,武汉市,2056,1172,856,28,261,20,19,1,0,21,19,1,1,,,
2026-03-03,泉州市,16,6,10,0,1,1,1,0,0,0,0,0,0,,,
2026-03-03,温州市,1155,650,268,237,101,26,18,2,6,16,10,3,3,,,
2026-03-03,芜湖市,394,111,280,3,38,0,0,0,0,2,1,1,0,,,
2026-03-03,苏州市,7429,1948,4283,1198,856,65,48,17,0,64,20,34,10,,,
2026-03-03,鄂州市,0,0,0,0,0,0,0,0,0,0,0,0,0,,,
2026-03-03,金华市,0,0,0,0,0,0,0,0,0,0,0,0,0,,,
2026-03-03,青岛市,416,397,17,2,48,6,6,0,0,7,7,0,0,,,
2026-03-04,上海市,3,0,3,0,1,0,0,0,0,0,0,0,0,,,
2026-03-04,南京市,4699,1535,1867,1297,405,22,14,3,5,34,12,7,15,,,
2026-03-04,南通市,759,263,417,79,91,4,3,1,0,4,0,2,2,,,
2026-03-04,台州市,276,53,27,196,3,8,2,1,5,9,2,0,7,,,
2026-03-04,合肥市,0,0,0,0,0,0,0,0,0,0,0,0,0,,,
2026-03-04,宁波市,3440,1507,1510,423,452,45,25,7,13,42,5,12,25,,,
2026-03-04,常州市,1994,684,1077,233,221,14,9,4,1,4,2,2,0,,,
2026-03-04,徐州市,0,0,0,0,0,0,0,0,0,0,0,0,0,,,
2026-03-04,无锡市,812,400,365,47,116,17,12,5,0,7,5,1,1,,,
2026-03-04,杭州市,183,173,10,0,3,23,22,1,0,1,1,0,0,,,
2026-03-04,武汉市,2069,1187,853,29,236,25,25,0,0,27,20,7,0,,,
2026-03-04,泉州市,20,10,10,0,1,4,4,0,0,0,0,0,0,,,
2026-03-04,温州市,1180,667,275,238,93,35,26,3,6,19,17,2,0,,,
2026-03-04,芜湖市,395,112,280,3,36,1,1,0,0,3,3,0,0,,,
2026-03-04,苏州市,7502,1982,4303,1217,834,57,43,14,0,34,18,13,3,,,
2026-03-04,鄂州市,0,0,0,0,0,0,0,0,0,0,0,0,0,,,
2026-03-04,金华市,0,0,0,0,0,0,0,0,0,0,0,0,0,,,
2026-03-04,青岛市,421,402,17,2,46,6,6,0,0,4,4,0,0,,,
2026-03-05,上海市,3,0,3,0,1,0,0,0,0,0,0,0,0,,,
2026-03-05,南京市,4756,1547,1881,1328,373,36,15,15,6,31,5,10,16,,,
2026-03-05,南通市,769,268,418,83,86,9,5,1,3,7,3,2,2,,,
2026-03-05,台州市,278,52,27,199,4,3,0,1,2,1,0,1,0,,,
2026-03-05,合肥市,0,0,0,0,0,0,0,0,0,0,0,0,0,,,
2026-03-05,宁波市,3461,1522,1516,423,439,31,18,4,9,35,10,9,16,,,
2026-03-05,常州市,2022,697,1086,239,201,14,11,2,1,16,12,4,0,,,
2026-03-05,徐州市,0,0,0,0,0,0,0,0,0,0,0,0,0,,,
2026-03-05,无锡市,812,395,368,49,117,10,8,2,0,12,10,2,0,,,
2026-03-05,杭州市,198,187,11,0,5,15,14,1,0,2,2,0,0,,,
2026-03-05,武汉市,2078,1194,855,29,218,24,23,1,0,21,18,3,0,,,
2026-03-05,泉州市,22,12,10,0,1,2,2,0,0,0,0,0,0,,,
2026-03-05,温州市,1175,666,275,234,90,9,7,0,2,11,7,0,4,,,
2026-03-05,芜湖市,402,115,284,3,34,2,1,1,0,2,2,0,0,,,
2026-03-05,苏州市,7584,2021,4320,1243,789,57,45,8,4,54,20,26,8,,,
2026-03-05,鄂州市,0,0,0,0,0,0,0,0,0,0,0,0,0,,,
2026-03-05,金华市,0,0,0,0,0,0,0,0,0,0,0,0,0,,,
2026-03-05,青岛市,436,415,19,2,45,16,14,2,0,0,0,0,0,,,
2026-03-06,上海市,2,0,2,0,1,0,0,0,0,0,0,0,0,,,
2026-03-06,南京市,4815,1563,1902,1350,354,43,18,16,9,34,11,14,9,,,
2026-03-06,南通市,765,265,419,81,83,2,1,1,0,4,2,0,2,,,
2026-03-06,台州市,279,52,29,198,4,5,2,1,2,6,2,0,4,,,
2026-03-06,合肥市,0,0,0,0,0,0,0,0,0,0,0,0,0,,,
2026-03-06,宁波市,3538,1562,1544,432,394,64,39,11,14,33,13,9,11,,,
2026-03-06,常州市,2050,715,1089,246,189,21,16,3,2,10,4,4,2,,,
2026-03-06,徐州市,0,0,0,0,0,0,0,0,0,0,0,0,0,,,
2026-03-06,无锡市,822,402,371,49,114,8,8,0,0,3,2,0,1,,,
2026-03-06,杭州市,211,199,12,0,3,13,12,1,0,1,0,1,0,,,
2026-03-06,武汉市,2111,1223,858,30,205,43,42,1,0,22,17,4,1,,,
2026-03-06,泉州市,24,14,10,0,1,2,2,0,0,0,0,0,0,,,
2026-03-06,温州市,1191,679,277,235,87,28,22,1,5,20,14,0,6,,,
2026-03-06,芜湖市,403,116,284,3,36,1,0,1,0,2,0,2,0,,,
2026-03-06,苏州市,7667,2067,4345,1255,765,60,47,12,1,58,22,27,9,,,
2026-03-06,鄂州市,0,0,0,0,0,0,0,0,0,0,0,0,0,,,
2026-03-06,金华市,0,0,0,0,0,0,0,0,0,0,0,0,0,,,
2026-03-06,青岛市,445,425,18,2,43,11,11,0,0,5,5,0,0,,,
2026-03-07,上海市,2,0,2,0,1,0,0,0,0,0,0,0,0,,,
2026-03-07,南京市,4884,1587,1914,1383,332,39,19,15,5,21,5,10,6,,,
2026-03-07,南通市,775,266,426,83,81,8,3,5,0,4,3,1,0,,,
2026-03-07,台州市,287,52,31,204,4,8,0,1,7,5,2,0,3,,,
2026-03-07,合肥市,0,0,0,0,0,0,0,0,0,0,0,0,0,,,
2026-03-07,宁波市,3576,1580,1551,445,370,37,20,4,13,32,9,15,8,,,
2026-03-07,常州市,2067,729,1087,251,183,16,13,2,1,13,5,7,1,,,
2026-03-07,徐州市,0,0,0,0,0,0,0,0,0,0,0,0,0,,,
2026-03-07,无锡市,834,412,374,48,109,15,15,0,0,5,5,0,0,,,
2026-03-07,杭州市,225,212,13,0,6,16,15,1,0,1,1,0,0,,,
2026-03-07,武汉市,2126,1239,856,31,188,23,22,1,0,16,11,5,0,,,
2026-03-07,泉州市,31,21,10,0,1,7,7,0,0,0,0,0,0,,,
2026-03-07,温州市,1221,687,288,246,79,44,25,3,16,17,13,0,4,,,
2026-03-07,芜湖市,404,117,284,3,31,1,1,0,0,0,0,0,0,,,
2026-03-07,苏州市,7716,2098,4346,1272,710,51,42,6,3,43,15,22,6,,,
2026-03-07,鄂州市,0,0,0,0,0,0,0,0,0,0,0,0,0,,,
2026-03-07,金华市,0,0,0,0,0,0,0,0,0,0,0,0,0,,,
2026-03-07,青岛市,458,438,18,2,44,19,19,0,0,2,2,0,0,,,
2026-03-08,上海市,2,0,2,0,1,0,0,0,0,0,0,0,0,,,
2026-03-08,南京市,4925,1600,1930,1395,323,36,20,10,6,44,17,10,17,,,
2026-03-08,南通市,785,272,427,86,84,8,5,1,2,2,1,0,1,,,
2026-03-08,台州市,288,54,31,203,4,4,3,0,1,9,0,0,9,,,
2026-03-08,合肥市,0,0,0,0,0,0,0,0,0,0,0,0,0,,,
2026-03-08,宁波市,3627,1623,1560,444,349,56,40,6,10,30,11,4,15,,,
2026-03-08,常州市,2068,730,1086,252,172,9,6,2,1,22,7,12,3,,,
2026-03-08,徐州市,0,0,0,0,0,0,0,0,0,0,0,0,0,,,
2026-03-08,无锡市,841,418,376,47,105,12,11,1,0,8,6,1,1,,,
2026-03-08,杭州市,253,241,12,0,10,30,30,0,0,2,2,0,0,,,
2026-03-08,武汉市,2151,1251,868,32,173,28,24,4,0,17,13,3,1,,,
2026-03-08,泉州市,34,24,10,0,1,3,3,0,0,0,0,0,0,,,
2026-03-08,温州市,1238,701,291,246,74,26,19,3,4,21,13,1,7,,,
2026-03-08,芜湖市,399,114,282,3,34,0,0,0,0,3,1,2,0,,,
2026-03-08,苏州市,7789,2141,4367,1281,692,70,57,13,0,57,23,19,15,,,
2026-03-08,鄂州市,0,0,0,0,0,0,0,0,0,0,0,0,0,,,
2026-03-08,金华市,0,0,0,0,0,0,0,0,0,0,0,0,0,,,
2026-03-08,青岛市,473,453,18,2,43,15,15,0,0,2,2,0,0,,,
2026-03-09,上海市,1,0,1,0,1,0,0,0,0,1,0,1,0,,,
2026-03-09,南京市,4938,1621,1924,1393,338,36,21,9,6,53,13,16,24,,,
2026-03-09,南通市,793,278,427,88,85,10,5,3,2,9,3,4,2,,,
2026-03-09,台州市,293,54,35,204,4,12,0,4,8,2,0,0,2,,,
2026-03-09,合肥市,0,0,0,0,0,0,0,0,0,0,0,0,0,,,
2026-03-09,宁波市,3680,1652,1566,462,320,47,27,3,17,25,7,10,8,,,
2026-03-09,常州市,2080,733,1091,256,159,7,5,2,0,12,6,5,1,,,
2026-03-09,徐州市,0,0,0,0,0,0,0,0,0,0,0,0,0,,,
2026-03-09,无锡市,839,420,374,45,110,5,4,1,0,11,2,7,2,,,
2026-03-09,杭州市,278,264,14,0,12,25,23,2,0,0,0,0,0,,,
2026-03-09,武汉市,2155,1254,868,33,176,17,15,2,0,27,18,8,1,,,
2026-03-09,泉州市,37,27,10,0,1,3,3,0,0,0,0,0,0,,,
2026-03-09,温州市,1254,714,291,249,74,37,21,2,14,28,12,3,13,,,
2026-03-09,芜湖市,402,115,284,3,35,0,0,0,0,1,1,0,0,,,
2026-03-09,苏州市,7873,2194,4381,1298,675,65,54,11,0,45,17,19,9,,,
2026-03-09,鄂州市,0,0,0,0,0,0,0,0,0,0,0,0,0,,,
2026-03-09,金华市,0,0,0,0,0,0,0,0,0,0,0,0,0,,,
2026-03-09,青岛市,480,460,18,2,40,14,14,0,0,5,5,0,0,,,
2026-03-10,上海市,2,0,2,0,1,0,0,0,0,0,0,0,0,,,
2026-03-10,南京市,4941,1613,1929,1399,324,18,5,7,6,47,16,14,17,,,
2026-03-10,南通市,791,279,424,88,83,2,1,0,1,4,1,3,0,,,
2026-03-10,台州市,293,59,36,198,4,8,4,0,4,13,0,0,13,,,
2026-03-10,合肥市,0,0,0,0,0,0,0,0,0,0,0,0,0,,,
2026-03-10,宁波市,3709,1678,1569,462,303,47,31,7,9,38,11,17,10,,,
2026-03-10,常州市,2091,741,1096,254,160,12,12,0,0,13,8,1,4,,,
2026-03-10,徐州市,0,0,0,0,0,0,0,0,0,0,0,0,0,,,
2026-03-10,无锡市,848,426,377,45,103,10,10,0,0,4,4,0,0,,,
2026-03-10,杭州市,291,278,13,0,10,16,16,0,0,3,3,0,0,,,
2026-03-10,武汉市,2162,1257,868,37,175,16,14,2,0,18,16,2,0,,,
2026-03-10,泉州市,42,32,10,0,2,5,5,0,0,0,0,0,0,,,
2026-03-10,温州市,1251,719,287,245,74,29,22,1,6,27,12,5,10,,,
2026-03-10,芜湖市,402,116,283,3,31,1,1,0,0,1,1,0,0,,,
2026-03-10,苏州市,7962,2249,4406,1307,674,77,62,15,0,42,15,20,7,,,
2026-03-10,鄂州市,0,0,0,0,0,0,0,0,0,0,0,0,0,,,
2026-03-10,金华市,0,0,0,0,0,0,0,0,0,0,0,0,0,,,
2026-03-10,青岛市,491,472,17,2,41,15,15,0,0,6,5,1,0,,,
2026-03-11,上海市,2,0,2,0,1,0,0,0,0,0,0,0,0,,,
2026-03-11,南京市,4939,1613,1923,1403,320,29,14,12,3,64,24,31,9,,,
2026-03-11,南通市,799,285,427,87,82,6,4,1,1,5,2,2,1,,,
2026-03-11,台州市,291,58,33,200,4,7,3,0,4,5,0,2,3,,,
2026-03-11,合肥市,0,0,0,0,0,0,0,0,0,0,0,0,0,,,
2026-03-11,宁波市,3760,1710,1576,474,297,53,35,7,11,27,7,8,12,,,
2026-03-11,常州市,2085,740,1090,255,160,8,7,1,0,13,7,6,0,,,
2026-03-11,徐州市,0,0,0,0,0,0,0,0,0,0,0,0,0,,,
2026-03-11,无锡市,858,433,379,46,105,7,6,1,0,5,3,2,0,,,
2026-03-11,杭州市,310,295,15,0,12,18,17,1,0,0,0,0,0,,,
2026-03-11,武汉市,2195,1281,878,36,174,31,25,6,0,6,4,2,0,,,
2026-03-11,泉州市,49,39,10,0,2,7,7,0,0,0,0,0,0,,,
2026-03-11,温州市,1261,722,287,252,70,24,12,2,10,33,13,1,19,,,
2026-03-11,芜湖市,403,116,284,3,28,0,0,0,0,1,0,1,0,,,
2026-03-11,苏州市,8009,2286,4415,1308,668,76,61,14,1,52,24,16,12,,,
2026-03-11,鄂州市,0,0,0,0,0,0,0,0,0,0,0,0,0,,,
2026-03-11,金华市,0,0,0,0,0,0,0,0,0,0,0,0,0,,,
2026-03-11,青岛市,501,482,17,2,42,13,13,0,0,5,5,0,0,,,
2026-03-12,上海市,1,0,1,0,1,0,0,0,0,1,0,1,0,,,
2026-03-12,南京市,4965,1623,1934,1408,315,23,12,7,4,29,8,15,6,,,
2026-03-12,南通市,803,287,427,89,81,8,6,0,2,6,3,2,1,,,
2026-03-12,台州市,294,60,34,200,4,4,2,1,1,3,1,0,2,,,
2026-03-12,合肥市,0,0,0,0,0,0,0,0,0,0,0,0,0,,,
2026-03-12,宁波市,3812,1741,1588,483,287,57,35,8,14,27,9,8,10,,,
2026-03-12,常州市,2096,747,1093,256,159,13,11,2,0,16,8,5,3,,,
2026-03-12,徐州市,0,0,0,0,0,0,0,0,0,0,0,0,0,,,
2026-03-12,无锡市,859,435,377,47,104,5,5,0,0,6,4,2,0,,,
2026-03-12,杭州市,330,313,17,0,13,21,19,2,0,0,0,0,0,,,
2026-03-12,武汉市,2186,1276,875,35,174,13,13,0,0,24,19,4,1,,,
2026-03-12,泉州市,51,41,10,0,2,3,3,0,0,1,1,0,0,,,
2026-03-12,温州市,1290,741,292,257,64,39,26,3,10,15,12,1,2,,,
2026-03-12,芜湖市,402,116,282,4,30,0,0,0,0,0,0,0,0,,,
2026-03-12,苏州市,8062,2326,4430,1306,649,75,62,13,0,57,20,24,13,,,
2026-03-12,鄂州市,0,0,0,0,0,0,0,0,0,0,0,0,0,,,
2026-03-12,金华市,0,0,0,0,0,0,0,0,0,0,0,0,0,,,
2026-03-12,青岛市,506,487,17,2,48,15,15,0,0,7,7,0,0,,,
2026-03-13,上海市,2,0,2,0,1,0,0,0,0,0,0,0,0,,,
2026-03-13,南京市,4990,1624,1954,1412,315,33,19,10,4,36,14,4,18,,,
2026-03-13,南通市,808,289,429,90,81,8,4,3,1,5,2,2,1,,,
2026-03-13,台州市,300,61,34,205,4,8,3,0,5,4,3,0,1,,,
2026-03-13,合肥市,0,0,0,0,0,0,0,0,0,0,0,0,0,,,
2026-03-13,宁波市,3832,1752,1601,479,300,41,27,7,7,37,18,9,10,,,
2026-03-13,常州市,2102,759,1090,253,155,16,14,2,0,15,5,8,2,,,
2026-03-13,徐州市,0,0,0,0,0,0,0,0,0,0,0,0,0,,,
2026-03-13,无锡市,860,433,381,46,111,3,3,0,0,5,4,1,0,,,
2026-03-13,杭州市,344,326,18,0,14,13,12,1,0,1,1,0,0,,,
2026-03-13,武汉市,2183,1274,872,37,173,15,14,0,1,11,7,3,1,,,
2026-03-13,泉州市,53,43,10,0,2,2,2,0,0,0,0,0,0,,,
2026-03-13,温州市,1309,752,289,268,59,36,20,1,15,25,19,1,5,,,
2026-03-13,芜湖市,405,118,282,5,28,1,1,0,0,0,0,0,0,,,
2026-03-13,苏州市,8109,2360,4434,1315,636,69,56,11,2,62,30,23,9,,,
2026-03-13,鄂州市,0,0,0,0,0,0,0,0,0,0,0,0,0,,,
2026-03-13,金华市,0,0,0,0,0,0,0,0,0,0,0,0,0,,,
2026-03-13,青岛市,506,487,17,2,45,6,6,0,0,4,4,0,0,,,
2026-03-14,上海市,2,0,2,0,1,0,0,0,0,0,0,0,0,,,
2026-03-14,南京市,4999,1626,1951,1422,312,26,13,10,3,48,19,16,13,,,
2026-03-14,南通市,810,293,427,90,81,5,4,0,1,6,2,2,2,,,
2026-03-14,台州市,292,62,34,196,4,5,2,0,3,12,2,0,10,,,
2026-03-14,合肥市,0,0,0,0,0,0,0,0,0,0,0,0,0,,,
2026-03-14,宁波市,3856,1760,1605,491,296,37,19,6,12,30,18,6,6,,,
2026-03-14,常州市,2104,765,1085,254,154,11,10,1,0,17,11,5,1,,,
2026-03-14,徐州市,0,0,0,0,0,0,0,0,0,0,0,0,0,,,
2026-03-14,无锡市,863,435,381,47,113,8,6,2,0,5,4,1,0,,,
2026-03-14,杭州市,360,340,20,0,15,17,15,2,0,0,0,0,0,,,
2026-03-14,武汉市,2178,1277,865,36,174,16,16,0,0,14,10,3,1,,,
2026-03-14,泉州市,58,48,10,0,4,5,5,0,0,0,0,0,0,,,
2026-03-14,温州市,1325,766,286,273,62,32,23,0,9,21,6,4,11,,,
2026-03-14,芜湖市,405,117,283,5,27,0,0,0,0,2,1,1,0,,,
2026-03-14,苏州市,8151,2388,4446,1317,623,69,54,14,1,48,22,18,8,,,
2026-03-14,鄂州市,0,0,0,0,0,0,0,0,0,0,0,0,0,,,
2026-03-14,金华市,0,0,0,0,0,0,0,0,0,0,0,0,0,,,
2026-03-14,青岛市,514,495,17,2,45,11,11,0,0,6,6,0,0,,,
2026-03-15,上海市,2,0,2,0,1,0,0,0,0,0,0,0,0,,,
2026-03-15,南京市,5009,1625,1961,1423,316,17,12,5,0,25,9,6,10,,,
2026-03-15,南通市,822,297,431,94,81,11,5,3,3,3,2,1,0,,,
2026-03-15,台州市,296,63,34,199,5,4,4,0,0,4,3,0,1,,,
2026-03-15,合肥市,0,0,0,0,0,0,0,0,0,0,0,0,0,,,
2026-03-15,宁波市,3884,1780,1610,494,291,45,24,6,15,39,16,12,11,,,
2026-03-15,常州市,2120,773,1093,254,152,17,14,1,2,10,3,5,2,,,
2026-03-15,徐州市,0,0,0,0,0,0,0,0,0,0,0,0,0,,,
2026-03-15,无锡市,878,447,384,47,112,15,14,1,0,3,1,2,0,,,
2026-03-15,杭州市,383,362,21,0,12,23,22,1,0,0,0,0,0,,,
2026-03-15,武汉市,2174,1275,863,36,178,10,10,0,0,18,15,3,0,,,
2026-03-15,泉州市,59,49,10,0,3,2,1,1,0,1,0,1,0,,,
2026-03-15,温州市,1346,781,288,277,61,29,19,4,6,13,4,4,5,,,
2026-03-15,芜湖市,406,118,281,7,29,3,1,1,1,1,0,1,0,,,
2026-03-15,苏州市,8177,2406,4457,1314,628,54,32,20,2,59,25,19,15,,,
2026-03-15,鄂州市,0,0,0,0,0,0,0,0,0,0,0,0,0,,,
2026-03-15,金华市,0,0,0,0,0,0,0,0,0,0,0,0,0,,,
2026-03-15,青岛市,526,507,17,2,44,16,16,0,0,3,3,0,0,,,
2026-03-16,上海市,2,0,2,0,1,0,0,0,0,0,0,0,0,,,
2026-03-16,南京市,5026,1627,1956,1443,314,55,15,10,30,38,11,15,12,,,
2026-03-16,南通市,819,297,429,93,82,3,1,1,1,3,1,0,2,,,
2026-03-16,台州市,293,65,34,194,4,4,3,0,1,7,2,0,5,,,
2026-03-16,合肥市,0,0,0,0,0,0,0,0,0,0,0,0,0,,,
2026-03-16,宁波市,3921,1790,1624,507,292,44,25,5,14,28,12,8,8,,,
2026-03-16,常州市,2120,773,1090,257,156,8,5,3,0,14,7,7,0,,,
2026-03-16,徐州市,0,0,0,0,0,0,0,0,0,0,0,0,0,,,
2026-03-16,无锡市,877,447,383,47,118,2,1,0,1,6,2,3,1,,,
2026-03-16,杭州市,401,379,22,0,18,21,20,1,0,4,4,0,0,,,
2026-03-16,武汉市,2164,1267,860,37,177,11,11,0,0,18,16,2,0,,,
2026-03-16,泉州市,60,50,10,0,2,2,2,0,0,1,1,0,0,,,
2026-03-16,温州市,1362,800,288,274,58,32,22,1,9,27,11,3,13,,,
2026-03-16,芜湖市,404,117,280,7,30,0,0,0,0,3,1,2,0,,,
2026-03-16,苏州市,8194,2422,4452,1320,623,42,33,8,1,39,17,19,3,,,
2026-03-16,鄂州市,0,0,0,0,0,0,0,0,0,0,0,0,0,,,
2026-03-16,金华市,0,0,0,0,0,0,0,0,0,0,0,0,0,,,
2026-03-16,青岛市,544,524,17,3,40,20,19,0,1,2,2,0,0,,,
2026-03-17,上海市,2,0,2,0,1,0,0,0,0,0,0,0,0,,,
2026-03-17,南京市,5028,1624,1951,1453,322,16,7,3,6,27,6,7,14,,,
2026-03-17,南通市,822,299,430,93,83,4,3,1,0,3,2,1,0,,,
2026-03-17,台州市,292,65,34,193,6,6,2,0,4,6,1,0,5,,,
2026-03-17,合肥市,0,0,0,0,0,0,0,0,0,0,0,0,0,,,
2026-03-17,宁波市,3945,1808,1631,506,297,34,22,3,9,27,7,8,12,,,
2026-03-17,常州市,2170,779,1135,256,151,47,8,39,0,40,28,11,1,,,
2026-03-17,徐州市,0,0,0,0,0,0,0,0,0,0,0,0,0,,,
2026-03-17,无锡市,875,446,384,45,115,5,5,0,0,8,5,2,1,,,
2026-03-17,杭州市,416,394,22,0,16,15,13,2,0,0,0,0,0,,,
2026-03-17,武汉市,2165,1271,856,38,182,9,9,0,0,14,10,4,0,,,
2026-03-17,泉州市,62,52,10,0,2,3,3,0,0,1,1,0,0,,,
2026-03-17,温州市,1381,810,290,281,61,34,21,5,8,20,14,2,4,,,
2026-03-17,芜湖市,406,116,282,8,30,0,0,0,0,1,1,0,0,,,
2026-03-17,苏州市,8214,2444,4454,1316,626,40,37,3,0,50,23,18,9,,,
2026-03-17,鄂州市,0,0,0,0,0,0,0,0,0,0,0,0,0,,,
2026-03-17,金华市,0,0,0,0,0,0,0,0,0,0,0,0,0,,,
2026-03-17,青岛市,554,534,17,3,40,13,12,0,1,4,4,0,0,,,
2026-03-18,上海市,2,0,2,0,1,0,0,0,0,0,0,0,0,,,
2026-03-18,南京市,5053,1640,1956,1457,311,30,13,12,5,31,11,8,12,,,
2026-03-18,南通市,830,304,431,95,83,10,4,1,5,4,0,2,2,,,
2026-03-18,台州市,297,66,35,196,5,9,2,1,6,5,1,0,4,,,
2026-03-18,合肥市,0,0,0,0,0,0,0,0,0,0,0,0,0,,,
2026-03-18,宁波市,3935,1805,1628,502,300,19,8,4,7,29,15,6,8,,,
2026-03-18,常州市,2190,786,1149,255,155,23,5,18,0,3,0,2,1,,,
2026-03-18,徐州市,0,0,0,0,0,0,0,0,0,0,0,0,0,,,
2026-03-18,无锡市,870,441,384,45,112,5,4,1,0,8,8,0,0,,,
2026-03-18,杭州市,422,400,22,0,15,6,6,0,0,0,0,0,0,,,
2026-03-18,武汉市,2181,1282,861,38,181,28,27,1,0,15,13,2,0,,,
2026-03-18,泉州市,63,53,10,0,2,1,1,0,0,0,0,0,0,,,
2026-03-18,温州市,1401,819,291,291,64,30,18,0,12,13,11,0,2,,,
2026-03-18,芜湖市,404,117,279,8,29,1,1,0,0,1,0,1,0,,,
2026-03-18,苏州市,8214,2456,4445,1313,632,37,28,4,5,30,11,12,7,,,
2026-03-18,鄂州市,0,0,0,0,0,0,0,0,0,0,0,0,0,,,
2026-03-18,金华市,0,0,0,0,0,0,0,0,0,0,0,0,0,,,
2026-03-18,青岛市,555,535,17,3,41,8,8,0,0,4,4,0,0,,,
2026-03-19,上海市,2,0,2,0,1,0,0,0,0,0,0,0,0,,,
2026-03-19,南京市,5075,1656,1968,1451,304,30,22,6,2,43,12,11,20,,,
2026-03-19,南通市,836,311,433,92,78,5,5,0,0,5,2,0,3,,,
2026-03-19,台州市,302,66,34,202,5,11,2,0,9,4,0,1,3,,,
2026-03-19,合肥市,0,0,0,0,0,0,0,0,0,0,0,0,0,,,
2026-03-19,宁波市,3954,1833,1622,499,310,35,31,0,4,29,9,11,9,,,
2026-03-19,常州市,2203,793,1152,258,155,18,10,5,3,15,5,9,1,,,
2026-03-19,徐州市,0,0,0,0,0,0,0,0,0,0,0,0,0,,,
2026-03-19,无锡市,873,444,385,44,113,7,7,0,0,8,7,1,0,,,
2026-03-19,杭州市,433,410,23,0,17,13,12,1,0,1,1,0,0,,,
2026-03-19,武汉市,2196,1297,861,38,176,28,28,0,0,22,20,2,0,,,
2026-03-19,泉州市,64,53,10,1,1,0,0,0,0,0,0,0,0,,,
2026-03-19,温州市,1414,834,291,289,64,26,21,2,3,14,7,3,4,,,
2026-03-19,芜湖市,406,117,282,7,29,0,0,0,0,2,0,1,1,,,
2026-03-19,苏州市,8285,2512,4453,1320,629,77,60,15,2,52,19,23,10,,,
2026-03-19,鄂州市,0,0,0,0,0,0,0,0,0,0,0,0,0,,,
2026-03-19,金华市,0,0,0,0,0,0,0,0,0,0,0,0,0,,,
2026-03-19,青岛市,576,557,16,3,41,24,24,0,0,8,7,1,0,,,
2026-03-20,上海市,2,0,2,0,1,1,0,1,0,3,0,2,1,,,
2026-03-20,南京市,5086,1667,1970,1449,305,27,19,6,2,34,9,6,19,,,
2026-03-20,南通市,842,316,433,93,82,10,8,1,1,6,2,2,2,,,
2026-03-20,台州市,308,68,35,205,5,9,2,1,6,5,1,0,4,,,
2026-03-20,合肥市,0,0,0,0,0,0,0,0,0,0,0,0,0,,,
2026-03-20,宁波市,3968,1845,1627,496,312,36,23,5,8,30,16,7,7,,,
2026-03-20,常州市,2212,795,1155,262,155,14,8,2,4,9,5,3,1,,,
2026-03-20,徐州市,0,0,0,0,0,0,0,0,0,0,0,0,0,,,
2026-03-20,无锡市,880,445,389,46,111,6,5,1,0,23,12,10,1,,,
2026-03-20,杭州市,440,417,23,0,17,7,7,0,0,1,1,0,0,,,
2026-03-20,武汉市,2205,1306,860,39,176,22,21,1,0,19,14,5,0,,,
2026-03-20,泉州市,66,54,11,1,2,1,0,1,0,0,0,0,0,,,
2026-03-20,温州市,1423,842,290,291,65,24,14,2,8,9,4,3,2,,,
2026-03-20,芜湖市,409,119,282,8,29,2,1,0,1,0,0,0,0,,,
2026-03-20,苏州市,8353,2559,4469,1325,643,70,53,13,4,44,12,17,15,,,
2026-03-20,鄂州市,0,0,0,0,0,0,0,0,0,0,0,0,0,,,
2026-03-20,金华市,0,0,0,0,0,0,0,0,0,0,0,0,0,,,
2026-03-20,青岛市,583,564,16,3,42,18,17,1,0,8,8,0,0,,,
2026-03-21,上海市,2,0,2,0,1,0,0,0,0,0,0,0,0,,,
2026-03-21,南京市,5118,1675,1989,1454,304,26,12,10,4,26,11,6,9,,,
2026-03-21,南通市,848,321,432,95,80,9,6,1,2,6,2,1,3,,,
2026-03-21,台州市,316,74,34,208,6,10,5,0,5,5,0,1,4,,,
2026-03-21,合肥市,0,0,0,0,0,0,0,0,0,0,0,0,0,,,
2026-03-21,宁波市,3989,1858,1628,503,306,31,20,7,4,23,10,7,6,,,
2026-03-21,常州市,2207,807,1142,258,152,12,11,0,1,22,2,14,6,,,
2026-03-21,徐州市,0,0,0,0,0,0,0,0,0,0,0,0,0,,,
2026-03-21,无锡市,884,447,392,45,114,6,5,1,0,5,3,2,0,,,
2026-03-21,杭州市,451,428,23,0,17,13,13,0,0,1,1,0,0,,,
2026-03-21,武汉市,2219,1314,866,39,180,26,24,2,0,18,16,1,1,,,
2026-03-21,泉州市,73,61,11,1,2,9,9,0,0,1,1,0,0,,,
2026-03-21,温州市,1447,859,295,293,63,31,28,1,2,32,18,2,12,,,
2026-03-21,芜湖市,410,120,282,8,30,1,1,0,0,0,0,0,0,,,
2026-03-21,苏州市,8385,2586,4471,1328,648,53,36,13,4,50,19,21,10,,,
2026-03-21,鄂州市,0,0,0,0,0,0,0,0,0,0,0,0,0,,,
2026-03-21,金华市,0,0,0,0,0,0,0,0,0,0,0,0,0,,,
2026-03-21,青岛市,590,570,17,3,40,12,12,0,0,9,8,0,1,,,
2026-03-22,上海市,2,0,2,0,1,0,0,0,0,0,0,0,0,,,
2026-03-22,南京市,5133,1678,2002,1453,303,20,12,4,4,34,11,3,20,,,
2026-03-22,南通市,856,325,436,95,71,6,5,0,1,1,0,0,1,,,
2026-03-22,台州市,315,74,35,206,7,8,1,2,5,6,2,1,3,,,
2026-03-22,合肥市,0,0,0,0,0,0,0,0,0,0,0,0,0,,,
2026-03-22,宁波市,4006,1876,1626,504,314,35,24,4,7,25,12,4,9,,,
2026-03-22,常州市,2207,815,1134,258,154,12,6,2,4,15,2,8,5,,,
2026-03-22,徐州市,0,0,0,0,0,0,0,0,0,0,0,0,0,,,
2026-03-22,无锡市,888,448,396,44,118,10,6,4,0,12,8,2,2,,,
2026-03-22,杭州市,450,428,22,0,18,6,6,0,0,4,4,0,0,,,
2026-03-22,武汉市,2222,1317,866,39,180,19,17,2,0,21,16,4,1,,,
2026-03-22,泉州市,81,69,11,1,3,8,8,0,0,0,0,0,0,,,
2026-03-22,温州市,1448,865,294,289,63,21,14,1,6,15,8,1,6,,,
2026-03-22,芜湖市,410,120,282,8,30,1,1,0,0,1,1,0,0,,,
2026-03-22,苏州市,8400,2617,4467,1316,665,65,48,13,4,54,11,29,14,,,
2026-03-22,鄂州市,0,0,0,0,0,0,0,0,0,0,0,0,0,,,
2026-03-22,金华市,0,0,0,0,0,0,0,0,0,0,0,0,0,,,
2026-03-22,青岛市,601,582,17,2,42,18,18,0,0,7,6,0,1,,,
2026-03-23,上海市,2,0,2,0,1,0,0,0,0,0,0,0,0,,,
2026-03-23,南京市,5109,1683,2004,1422,309,22,10,8,4,44,13,12,19,,,
2026-03-23,南通市,856,327,435,94,72,5,4,1,0,5,3,1,1,,,
2026-03-23,台州市,324,73,35,216,6,10,0,0,10,1,1,0,0,,,
2026-03-23,合肥市,0,0,0,0,0,0,0,0,0,0,0,0,0,,,
2026-03-23,宁波市,4009,1889,1624,496,324,33,22,4,7,26,8,8,10,,,
2026-03-23,常州市,2204,816,1111,277,155,7,4,2,1,33,3,26,4,,,
2026-03-23,徐州市,0,0,0,0,0,0,0,0,0,0,0,0,0,,,
2026-03-23,无锡市,895,455,397,43,117,10,10,0,0,8,4,2,2,,,
2026-03-23,杭州市,468,447,21,0,21,18,18,0,0,2,1,1,0,,,
2026-03-23,武汉市,2226,1323,862,41,175,20,20,0,0,14,12,2,0,,,
2026-03-23,泉州市,95,82,12,1,3,14,13,1,0,0,0,0,0,,,
2026-03-23,温州市,1467,883,293,291,62,25,22,0,3,9,3,1,5,,,
2026-03-23,芜湖市,408,119,281,8,32,1,0,1,0,1,1,0,0,,,
2026-03-23,苏州市,8446,2657,4471,1318,669,62,45,17,0,45,19,20,6,,,
2026-03-23,鄂州市,0,0,0,0,0,0,0,0,0,0,0,0,0,,,
2026-03-23,金华市,0,0,0,0,0,0,0,0,0,0,0,0,0,,,
2026-03-23,青岛市,613,593,18,2,41,18,17,1,0,4,4,0,0,,,
2026-03-24,上海市,2,0,2,0,1,0,0,0,0,0,0,0,0,,,
2026-03-24,南京市,5106,1683,1999,1424,306,32,16,7,9,50,15,15,20,,,
2026-03-24,南通市,852,324,434,94,75,1,0,0,1,5,2,2,1,,,
2026-03-24,台州市,324,75,35,214,6,7,3,0,4,6,1,0,5,,,
2026-03-24,合肥市,0,0,0,0,0,0,0,0,0,0,0,0,0,,,
2026-03-24,宁波市,4019,1901,1622,496,329,20,15,2,3,21,8,4,9,,,
2026-03-24,常州市,2196,813,1095,288,159,3,2,1,0,18,9,7,2,,,
2026-03-24,徐州市,0,0,0,0,0,0,0,0,0,0,0,0,0,,,
2026-03-24,无锡市,897,459,396,42,118,6,6,0,0,6,3,3,0,,,
2026-03-24,杭州市,467,446,21,0,20,2,2,0,0,4,4,0,0,,,
2026-03-24,武汉市,2226,1323,860,43,167,25,25,0,0,27,22,5,0,,,
2026-03-24,泉州市,96,85,10,1,3,6,5,1,0,5,2,3,0,,,
2026-03-24,温州市,1475,887,292,296,62,20,14,2,4,10,7,1,2,,,
2026-03-24,芜湖市,407,121,279,7,30,2,2,0,0,4,1,2,1,,,
2026-03-24,苏州市,8453,2669,4475,1309,674,38,28,10,0,53,17,21,15,,,
2026-03-24,鄂州市,0,0,0,0,0,0,0,0,0,0,0,0,0,,,
2026-03-24,金华市,0,0,0,0,0,0,0,0,0,0,0,0,0,,,
2026-03-24,青岛市,627,607,18,2,43,22,21,1,0,5,4,1,0,,,
2026-03-25,上海市,2,0,2,0,1,0,0,0,0,0,0,0,0,,,
2026-03-25,南京市,5117,1687,2008,1422,303,32,15,15,2,34,9,12,13,,,
2026-03-25,南通市,868,338,432,98,75,15,12,0,3,4,1,2,1,,,
2026-03-25,台州市,332,78,37,217,6,11,5,1,5,6,2,0,4,,,
2026-03-25,合肥市,0,0,0,0,0,0,0,0,0,0,0,0,0,,,
2026-03-25,宁波市,4051,1924,1635,492,329,49,29,10,10,38,11,10,17,,,
2026-03-25,常州市,2199,818,1084,297,158,12,9,3,0,13,5,6,2,,,
2026-03-25,徐州市,0,0,0,0,0,0,0,0,0,0,0,0,0,,,
2026-03-25,无锡市,896,460,393,43,108,7,6,1,0,6,4,1,1,,,
2026-03-25,杭州市,477,455,22,0,20,10,10,0,0,1,1,0,0,,,
2026-03-25,武汉市,2212,1319,850,43,166,22,22,0,0,29,23,6,0,,,
2026-03-25,泉州市,107,97,9,1,3,11,11,0,0,1,1,0,0,,,
2026-03-25,温州市,1493,899,293,301,62,32,21,1,10,25,16,3,6,,,
2026-03-25,芜湖市,410,121,282,7,29,1,1,0,0,2,1,1,0,,,
2026-03-25,苏州市,8468,2699,4459,1310,680,69,54,13,2,82,31,33,18,,,
2026-03-25,鄂州市,0,0,0,0,0,0,0,0,0,0,0,0,0,,,
2026-03-25,金华市,0,0,0,0,0,0,0,0,0,0,0,0,0,,,
2026-03-25,青岛市,641,621,18,2,41,16,16,0,0,3,3,0,0,,,
2026-03-26,上海市,2,0,2,0,1,0,0,0,0,0,0,0,0,,,
2026-03-26,南京市,5128,1689,2021,1418,309,22,8,9,5,38,12,10,16,,,
2026-03-26,南通市,865,336,431,98,75,1,1,0,0,5,2,3,0,,,
2026-03-26,台州市,329,78,38,213,6,5,2,1,2,6,2,0,4,,,
2026-03-26,合肥市,0,0,0,0,0,0,0,0,0,0,0,0,0,,,
2026-03-26,宁波市,4043,1950,1627,466,326,41,35,3,3,52,12,9,31,,,
2026-03-26,常州市,2201,822,1082,297,164,9,7,2,0,19,8,4,7,,,
2026-03-26,徐州市,0,0,0,0,0,0,0,0,0,0,0,0,0,,,
2026-03-26,无锡市,894,457,394,43,108,2,1,1,0,9,6,3,0,,,
2026-03-26,杭州市,492,470,22,0,20,16,16,0,0,1,1,0,0,,,
2026-03-26,武汉市,2220,1325,850,45,165,16,16,0,0,20,18,2,0,,,
2026-03-26,泉州市,116,106,10,0,6,9,9,0,0,1,0,0,1,,,
2026-03-26,温州市,1491,895,292,304,59,19,13,0,6,19,13,1,5,,,
2026-03-26,芜湖市,409,120,282,7,30,0,0,0,0,0,0,0,0,,,
2026-03-26,苏州市,8503,2727,4467,1309,701,62,39,17,6,55,19,23,13,,,
2026-03-26,鄂州市,0,0,0,0,0,0,0,0,0,0,0,0,0,,,
2026-03-26,金华市,0,0,0,0,0,0,0,0,0,0,0,0,0,,,
2026-03-26,青岛市,655,635,18,2,41,18,17,1,0,7,7,0,0,,,
2026-03-27,武汉市,2225,1333,847,45,161,23,23,0,0,23,18,5,0,,,
2026-03-27,常州市,2202,829,1077,296,164,13,7,3,3,10,2,6,3,,,
2026-03-27,苏州市,8515,2748,4458,1309,701,50,36,11,3,70,27,30,3,,,
2026-03-27,无锡市,890,454,392,44,109,4,3,0,1,9,6,2,1,,,
2026-03-27,南通市,864,334,433,97,71,5,2,3,0,8,3,2,0,,,
2026-03-27,宁波市,4055,1969,1620,466,321,38,31,0,7,27,11,8,7,,,
2026-03-27,合肥市,0,0,0,0,0,0,0,0,0,0,0,0,0,,,
2026-03-27,徐州市,0,0,0,0,0,0,0,0,0,0,0,0,0,,,
2026-03-27,金华市,0,0,0,0,0,0,0,0,0,0,0,0,0,,,
2026-03-27,南京市,5141,1686,2037,1418,309,27,11,11,5,41,17,7,5,,,
2026-03-27,芜湖市,408,120,281,7,30,0,0,0,0,0,0,0,0,,,
2026-03-27,温州市,1506,911,290,305,62,29,22,1,6,13,9,1,6,,,
2026-03-27,青岛市,672,650,20,2,40,21,19,2,0,5,4,1,0,,,
2026-03-27,上海市,1,0,1,0,1,0,0,0,0,1,0,1,0,,,
2026-03-27,台州市,328,79,38,211,6,5,2,0,3,6,1,0,3,,,
2026-03-27,杭州市,499,478,21,0,23,11,11,0,0,4,3,1,0,,,
2026-03-27,泉州市,128,119,9,0,6,39,15,24,0,25,2,23,0,,,
2026-03-28,武汉市,2239,1348,848,43,158,29,26,3,0,26,17,7,0,,,
2026-03-28,常州市,2203,829,1076,298,165,10,9,1,0,16,10,4,0,,,
2026-03-28,苏州市,8526,2763,4457,1306,689,48,32,13,3,59,20,25,3,,,
2026-03-28,无锡市,891,454,393,44,106,6,4,2,0,7,6,1,0,,,
2026-03-28,南通市,866,337,433,96,74,5,3,1,1,1,1,0,1,,,
2026-03-28,宁波市,4071,1986,1620,465,318,37,26,5,6,36,14,12,6,,,
2026-03-28,合肥市,0,0,0,0,0,0,0,0,0,0,0,0,0,,,
2026-03-28,徐州市,0,0,0,0,0,0,0,0,0,0,0,0,0,,,
2026-03-28,金华市,0,0,0,0,0,0,0,0,0,0,0,0,0,,,
2026-03-28,南京市,5149,1694,2047,1408,309,19,11,7,1,31,5,7,1,,,
2026-03-28,芜湖市,409,120,280,9,29,2,1,0,1,2,2,0,1,,,
2026-03-28,温州市,1519,925,287,307,66,39,32,2,5,35,21,6,5,,,
2026-03-28,青岛市,686,663,20,3,45,19,19,0,0,4,4,0,0,,,
2026-03-28,上海市,1,0,1,0,1,0,0,0,0,0,0,0,0,,,
2026-03-28,台州市,325,80,37,208,7,4,2,0,2,9,2,0,2,,,
2026-03-28,杭州市,515,494,21,0,26,17,17,0,0,1,1,0,0,,,
2026-03-28,泉州市,144,135,9,0,9,17,16,1,0,2,0,2,0,,,
2026-03-29,武汉市,2250,1358,844,48,167,23,22,0,1,10,8,2,1,,,
2026-03-29,常州市,2194,832,1073,289,167,9,8,1,0,24,5,11,0,,,
2026-03-29,苏州市,8513,2771,4444,1298,717,52,41,10,1,75,31,27,1,,,
2026-03-29,无锡市,884,450,390,44,103,3,2,1,0,9,5,3,0,,,
2026-03-29,南通市,871,340,434,97,78,7,5,1,1,2,1,0,1,,,
2026-03-29,宁波市,4087,2000,1621,466,319,47,31,4,12,37,13,9,12,,,
2026-03-29,合肥市,0,0,0,0,0,0,0,0,0,0,0,0,0,,,
2026-03-29,徐州市,0,0,0,0,0,0,0,0,0,0,0,0,0,,,
2026-03-29,金华市,0,0,0,0,0,0,0,0,0,0,0,0,0,,,
2026-03-29,南京市,5160,1700,2047,1413,313,29,16,9,4,37,9,12,4,,,
2026-03-29,芜湖市,410,121,280,9,32,1,1,0,0,0,0,0,0,,,
2026-03-29,温州市,1517,918,282,317,64,17,10,1,6,16,13,0,6,,,
2026-03-29,青岛市,697,672,20,5,43,18,17,0,1,6,6,0,1,,,
2026-03-29,上海市,1,0,1,0,1,0,0,0,0,0,0,0,0,,,
2026-03-29,台州市,319,80,37,202,7,5,3,0,2,6,2,0,2,,,
2026-03-29,杭州市,521,499,22,0,25,13,12,1,0,7,7,0,0,,,
2026-03-29,泉州市,154,144,10,0,9,12,11,1,0,2,2,0,0,,,
2026-03-30,武汉市,2251,1362,842,47,168,13,13,0,0,19,14,4,0,,,
2026-03-30,常州市,2183,826,1072,285,169,4,3,1,0,10,6,3,0,,,
2026-03-30,苏州市,8507,2779,4438,1290,727,35,24,10,1,56,18,24,1,,,
2026-03-30,无锡市,882,449,389,44,102,3,3,0,0,5,3,2,0,,,
2026-03-30,南通市,866,336,433,97,75,1,0,0,1,6,3,2,1,,,
2026-03-30,宁波市,4091,2012,1614,465,317,36,28,4,4,34,17,10,4,,,
2026-03-30,合肥市,0,0,0,0,0,0,0,0,0,0,0,0,0,,,
2026-03-30,徐州市,0,0,0,0,0,0,0,0,0,0,0,0,0,,,
2026-03-30,金华市,0,0,0,0,0,0,0,0,0,0,0,0,0,,,
2026-03-30,南京市,5137,1697,2039,1401,320,9,5,2,2,32,7,7,2,,,
2026-03-30,芜湖市,406,120,278,8,33,0,0,0,0,3,1,2,0,,,
2026-03-30,温州市,1521,929,286,306,65,24,19,2,3,21,12,1,3,,,
2026-03-30,青岛市,719,693,20,6,45,21,21,0,0,6,6,0,0,,,
2026-03-30,上海市,1,0,1,0,1,0,0,0,0,0,0,0,0,,,
2026-03-30,杭州市,534,508,26,0,27,17,14,3,0,4,4,0,0,,,
2026-03-30,台州市,309,78,38,193,7,1,0,0,1,10,0,0,1,,,
2026-03-30,郑州市,7,7,0,0,0,7,7,0,0,2,0,2,0,,,
2026-03-30,泉州市,166,157,9,0,10,12,12,0,0,0,0,0,0,,,
2026-03-31,武汉市,2251,1365,839,47,179,19,19,0,0,27,19,6,0,,,
2026-03-31,常州市,2182,831,1072,279,173,10,6,2,2,21,4,6,2,,,
2026-03-31,苏州市,8506,2788,4437,1281,735,56,40,9,7,71,33,19,7,,,
2026-03-31,无锡市,877,446,386,45,108,2,2,0,0,11,6,5,0,,,
2026-03-31,南通市,867,336,431,100,70,3,2,0,1,7,3,3,1,,,
2026-03-31,宁波市,4103,2030,1612,461,315,38,30,3,5,37,18,12,5,,,
2026-03-31,合肥市,0,0,0,0,0,0,0,0,0,0,0,0,0,,,
2026-03-31,徐州市,0,0,0,0,0,0,0,0,0,0,0,0,0,,,
2026-03-31,金华市,0,0,0,0,0,0,0,0,0,0,0,0,0,,,
2026-03-31,南京市,5128,1685,2045,1398,322,30,16,8,6,81,29,16,6,,,
2026-03-31,芜湖市,409,122,278,9,38,3,2,0,1,1,0,0,1,,,
2026-03-31,温州市,1532,941,280,311,66,24,17,2,5,22,10,7,5,,,
2026-03-31,青岛市,737,711,20,6,53,27,26,0,1,8,7,0,1,,,
2026-03-31,上海市,3,0,3,0,2,0,0,0,0,0,0,0,0,,,
2026-03-31,杭州市,538,511,27,0,27,7,7,0,0,2,1,1,0,,,
2026-03-31,台州市,305,81,37,187,8,2,2,0,0,3,0,0,0,,,
2026-03-31,郑州市,17,17,0,0,1,10,10,0,0,0,0,0,0,,,
2026-03-31,泉州市,181,171,10,0,10,17,15,2,0,2,1,1,0,,,
2026-04-01,武汉市,2274,1389,837,48,190,31,31,0,0,15,10,5,0,,,
2026-04-01,常州市,2176,834,1071,271,181,13,10,2,1,23,9,7,1,,,
2026-04-01,苏州市,8505,2798,4440,1267,727,58,39,12,7,84,33,27,7,,,
2026-04-01,无锡市,870,441,385,44,107,4,3,1,0,7,5,1,0,,,
2026-04-01,南通市,862,333,431,98,76,3,1,2,0,10,6,3,0,,,
2026-04-01,宁波市,4120,2058,1613,449,306,53,37,5,11,46,15,15,11,,,
2026-04-01,合肥市,0,0,0,0,0,0,0,0,0,0,0,0,0,,,
2026-04-01,徐州市,0,0,0,0,0,0,0,0,0,0,0,0,0,,,
2026-04-01,金华市,0,0,0,0,0,0,0,0,0,0,0,0,0,,,
2026-04-01,南京市,5105,1672,2039,1394,332,25,11,11,3,62,21,14,3,,,
2026-04-01,芜湖市,407,122,276,9,38,2,2,0,0,4,2,2,0,,,
2026-04-01,温州市,1534,934,283,317,69,28,20,0,8,29,24,1,8,,,
2026-04-01,青岛市,743,715,21,7,51,13,11,2,0,10,10,0,0,,,
2026-04-01,上海市,3,0,3,0,2,0,0,0,0,0,0,0,0,,,
2026-04-01,杭州市,546,519,27,0,27,10,10,0,0,4,4,0,0,,,
2026-04-01,台州市,307,83,39,185,7,6,2,1,3,10,2,1,3,,,
2026-04-01,郑州市,27,26,1,0,0,10,9,1,0,0,0,0,0,,,
2026-04-01,泉州市,195,185,10,0,12,13,13,0,0,0,0,0,0,,,
2026-04-02,武汉市,2270,1389,835,46,193,17,17,0,0,25,20,4,0,,,
2026-04-02,常州市,2196,846,1074,276,180,22,15,4,3,5,4,1,3,,,
2026-04-02,苏州市,8525,2820,4444,1261,744,56,39,16,1,64,24,26,1,,,
2026-04-02,无锡市,869,440,386,43,110,4,3,0,1,7,4,1,1,,,
2026-04-02,南通市,860,331,432,97,73,3,3,0,0,7,4,2,0,,,
2026-04-02,宁波市,4139,2074,1616,449,307,40,29,4,7,44,18,11,7,,,
2026-04-02,合肥市,0,0,0,0,0,0,0,0,0,0,0,0,0,,,
2026-04-02,徐州市,0,0,0,0,0,0,0,0,0,0,0,0,0,,,
2026-04-02,金华市,0,0,0,0,0,0,0,0,0,0,0,0,0,,,
2026-04-02,南京市,5128,1687,2042,1399,342,36,20,10,6,41,10,18,6,,,
2026-04-02,芜湖市,404,121,275,8,43,1,1,0,0,3,2,1,0,,,
2026-04-02,温州市,1541,937,288,316,69,22,13,1,8,17,11,3,8,,,
2026-04-02,青岛市,752,723,23,6,53,15,14,1,0,7,6,0,0,,,
2026-04-02,上海市,3,0,3,0,3,1,0,1,0,1,0,1,0,,,
2026-04-02,杭州市,552,524,28,0,28,10,8,2,0,6,5,1,0,,,
2026-04-02,台州市,311,84,40,187,8,3,2,0,1,9,0,0,1,,,
2026-04-02,郑州市,41,41,0,0,2,14,14,0,0,0,0,0,0,,,
2026-04-02,泉州市,208,198,10,0,12,18,17,1,0,4,3,1,0,,,
2026-04-03,武汉市,2259,1383,832,44,201,16,16,0,0,11,10,1,0,,,
2026-04-03,常州市,2190,837,1079,274,183,10,4,4,2,17,12,3,2,,,
2026-04-03,苏州市,8518,2819,4444,1255,749,39,23,13,3,63,26,23,3,,,
2026-04-03,无锡市,867,439,387,41,110,2,2,0,0,6,3,3,0,,,
2026-04-03,南通市,854,327,431,96,74,1,1,0,0,6,2,2,0,,,
2026-04-03,宁波市,4117,2069,1609,439,307,22,12,6,4,33,14,9,4,,,
2026-04-03,合肥市,0,0,0,0,0,0,0,0,0,0,0,0,0,,,
2026-04-03,徐州市,0,0,0,0,0,0,0,0,0,0,0,0,0,,,
2026-04-03,金华市,0,0,0,0,0,0,0,0,0,0,0,0,0,,,
2026-04-03,南京市,5138,1692,2045,1401,352,45,22,19,4,38,9,11,4,,,
2026-04-03,芜湖市,403,124,272,7,45,5,5,0,0,3,1,1,0,,,
2026-04-03,温州市,1542,934,291,317,68,19,12,2,5,14,10,1,5,,,
2026-04-03,青岛市,765,735,24,6,50,19,19,0,0,3,3,0,0,,,
2026-04-03,上海市,3,0,3,0,3,0,0,0,0,0,0,0,0,,,
2026-04-03,杭州市,554,527,27,0,32,10,10,0,0,4,4,0,0,,,
2026-04-03,台州市,305,87,38,180,9,5,5,0,0,4,1,0,0,,,
2026-04-03,郑州市,68,68,0,0,3,27,27,0,0,0,0,0,0,,,
2026-04-03,鄂州市,0,0,0,0,0,0,0,0,0,0,0,0,0,,,
2026-04-03,泉州市,229,219,10,0,11,19,19,0,0,0,0,0,0,,,
2026-04-03,西安市,1,0,1,0,1,1,0,1,0,0,0,0,0,,,
2026-04-04,武汉市,2262,1388,829,45,206,21,20,1,0,18,16,1,0,,,
2026-04-04,常州市,2192,838,1081,273,181,9,7,2,0,10,6,2,0,,,
2026-04-04,苏州市,8545,2831,4454,1260,732,61,44,16,1,75,29,30,1,,,
2026-04-04,无锡市,862,438,384,40,106,2,2,0,0,8,3,5,0,,,
2026-04-04,南通市,861,333,434,94,69,9,7,1,1,9,4,2,1,,,
2026-04-04,宁波市,4124,2064,1620,440,295,28,18,6,4,54,26,15,4,,,
2026-04-04,合肥市,0,0,0,0,0,0,0,0,0,0,0,0,0,,,
2026-04-04,徐州市,0,0,0,0,0,0,0,0,0,0,0,0,0,,,
2026-04-04,金华市,0,0,0,0,0,0,0,0,0,0,0,0,0,,,
2026-04-04,南京市,5170,1706,2066,1398,339,45,21,20,4,40,14,10,4,,,
2026-04-04,芜湖市,406,126,272,8,47,3,3,0,0,4,2,2,0,,,
2026-04-04,温州市,1534,930,291,313,67,12,9,0,3,17,13,0,3,,,
2026-04-04,青岛市,781,749,25,7,50,15,14,1,0,3,3,0,0,,,
2026-04-04,上海市,3,0,3,0,3,0,0,0,0,0,0,0,0,,,
2026-04-04,杭州市,563,532,31,0,34,13,11,2,0,8,8,0,0,,,
2026-04-04,台州市,308,87,39,182,8,6,1,1,4,5,0,0,4,,,
2026-04-04,郑州市,75,75,0,0,4,7,7,0,0,0,0,0,0,,,
2026-04-04,鄂州市,0,0,0,0,0,0,0,0,0,0,0,0,0,,,
2026-04-04,泉州市,249,239,10,0,11,21,21,0,0,0,0,0,0,,,
2026-04-04,西安市,6,5,1,0,1,6,5,1,0,1,0,1,0,,,
2026-04-05,武汉市,2262,1388,827,47,197,16,16,0,0,23,22,1,0,,,
2026-04-05,常州市,2203,845,1089,269,183,13,9,3,1,7,3,3,1,,,
2026-04-05,苏州市,8551,2858,4445,1248,721,66,49,16,1,71,28,28,1,,,
2026-04-05,无锡市,864,440,382,42,101,5,5,0,0,7,4,3,0,,,
2026-04-05,南通市,854,332,430,92,71,5,4,0,1,11,5,5,1,,,
2026-04-05,宁波市,4109,2062,1608,439,278,26,14,5,7,41,16,18,7,,,
2026-04-05,合肥市,0,0,0,0,0,0,0,0,0,0,0,0,0,,,
2026-04-05,徐州市,0,0,0,0,0,0,0,0,0,0,0,0,0,,,
2026-04-05,金华市,0,0,0,0,0,0,0,0,0,0,0,0,0,,,
2026-04-05,南京市,5182,1713,2072,1397,329,31,20,9,2,37,15,9,2,,,
2026-04-05,芜湖市,407,128,272,7,45,1,1,0,0,2,0,1,0,,,
2026-04-05,温州市,1533,927,290,316,61,28,17,1,10,41,25,5,10,,,
2026-04-05,青岛市,788,756,25,7,47,21,20,1,0,9,9,0,0,,,
2026-04-05,上海市,3,0,3,0,3,0,0,0,0,0,0,0,0,,,
2026-04-05,杭州市,562,532,30,0,36,10,10,0,0,8,7,1,0,,,
2026-04-05,台州市,302,86,40,176,8,4,1,2,1,7,2,1,1,,,
2026-04-05,郑州市,89,89,0,0,3,14,14,0,0,0,0,0,0,,,
2026-04-05,鄂州市,0,0,0,0,0,0,0,0,0,0,0,0,0,,,
2026-04-05,泉州市,259,249,10,0,14,12,12,0,0,1,1,0,0,,,
2026-04-05,西安市,11,10,1,0,1,5,5,0,0,0,0,0,0,,,
2026-04-06,武汉市,2260,1392,819,49,188,26,26,0,0,30,21,9,0,,,
2026-04-06,常州市,2212,850,1095,267,168,11,9,2,0,16,5,5,0,,,
2026-04-06,苏州市,8561,2888,4431,1242,715,60,51,6,3,72,31,31,3,,,
2026-04-06,无锡市,867,440,385,42,95,4,3,1,0,8,6,2,0,,,
2026-04-06,南通市,856,332,432,92,72,3,3,0,0,3,2,0,0,,,
2026-04-06,宁波市,4116,2078,1601,437,272,38,29,5,4,47,22,17,4,,,
2026-04-06,合肥市,0,0,0,0,0,0,0,0,0,0,0,0,0,,,
2026-04-06,徐州市,0,0,0,0,0,0,0,0,0,0,0,0,0,,,
2026-04-06,金华市,0,0,0,0,0,0,0,0,0,0,0,0,0,,,
2026-04-06,南京市,5190,1718,2080,1392,316,28,18,9,1,41,18,10,1,,,
2026-04-06,芜湖市,412,129,276,7,38,3,2,1,0,0,0,0,0,,,
2026-04-06,温州市,1542,939,292,311,60,31,23,0,8,21,13,1,8,,,
2026-04-06,青岛市,800,764,27,9,43,24,21,1,2,9,9,0,2,,,
2026-04-06,上海市,3,0,3,0,3,0,0,0,0,0,0,0,0,,,
2026-04-06,杭州市,569,539,30,0,38,15,15,0,0,6,6,0,0,,,
2026-04-06,台州市,295,84,38,173,8,0,0,0,0,7,2,2,0,,,
2026-04-06,郑州市,104,104,0,0,3,16,15,1,0,1,0,1,0,,,
2026-04-06,鄂州市,0,0,0,0,0,0,0,0,0,0,0,0,0,,,
2026-04-06,泉州市,275,265,10,0,13,19,19,0,0,3,2,0,0,,,
2026-04-06,西安市,13,12,1,0,1,2,2,0,0,0,0,0,0,,,
2026-04-07,武汉市,2264,1405,810,49,177,30,29,1,0,29,22,7,0,,,
2026-04-07,常州市,2215,862,1093,260,158,9,8,0,1,14,3,4,1,,,
2026-04-07,苏州市,8576,2907,4436,1233,677,41,31,10,0,67,26,25,0,,,
2026-04-07,无锡市,865,439,384,42,98,3,2,1,0,5,4,1,0,,,
2026-04-07,南通市,858,335,433,90,69,5,3,2,0,4,0,2,0,,,
2026-04-07,宁波市,4114,2093,1595,426,265,45,33,6,6,54,20,15,6,,,
2026-04-07,合肥市,0,0,0,0,0,0,0,0,0,0,0,0,0,,,
2026-04-07,徐州市,0,0,0,0,0,0,0,0,0,0,0,0,0,,,
2026-04-07,金华市,0,0,0,0,0,0,0,0,0,0,0,0,0,,,
2026-04-07,南京市,5191,1715,2075,1401,307,23,17,4,2,45,17,12,2,,,
2026-04-07,芜湖市,411,129,276,6,34,1,0,1,0,3,0,2,0,,,
2026-04-07,温州市,1546,939,295,312,59,24,16,2,6,30,23,2,6,,,
2026-04-07,青岛市,819,780,28,11,43,23,21,1,1,6,6,0,1,,,
2026-04-07,上海市,3,0,3,0,3,0,0,0,0,1,0,0,0,,,
2026-04-07,杭州市,575,544,31,0,35,14,13,1,0,9,9,0,0,,,
2026-04-07,台州市,301,85,40,176,8,6,3,1,2,6,1,1,2,,,
2026-04-07,郑州市,132,132,0,0,4,28,28,0,0,0,0,0,0,,,
2026-04-07,鄂州市,0,0,0,0,0,0,0,0,0,0,0,0,0,,,
2026-04-07,泉州市,295,285,10,0,14,20,20,0,0,0,0,0,0,,,
2026-04-07,西安市,16,15,1,0,2,2,2,0,0,0,0,0,0,,,
2026-04-08,武汉市,2271,1411,814,46,176,23,21,2,0,22,17,4,0,,,
2026-04-08,常州市,2217,869,1091,257,155,20,17,1,2,26,13,7,2,,,
2026-04-08,苏州市,8573,2917,4432,1224,664,51,41,10,0,69,27,32,0,,,
2026-04-08,无锡市,858,433,382,43,99,6,4,1,1,15,10,4,1,,,
2026-04-08,南通市,851,334,428,89,68,2,2,0,0,16,6,6,0,,,
2026-04-08,宁波市,4120,2107,1590,423,267,46,39,1,6,45,23,14,6,,,
2026-04-08,合肥市,0,0,0,0,0,0,0,0,0,0,0,0,0,,,
2026-04-08,徐州市,0,0,0,0,0,0,0,0,0,0,0,0,0,,,
2026-04-08,金华市,0,0,0,0,0,0,0,0,0,0,0,0,0,,,
2026-04-08,南京市,5209,1733,2068,1408,285,32,20,11,1,36,12,16,1,,,
2026-04-08,芜湖市,410,131,273,6,34,1,1,0,0,4,1,3,0,,,
2026-04-08,温州市,1532,932,291,309,60,18,10,0,8,27,10,7,8,,,
2026-04-08,青岛市,839,801,27,11,42,28,28,0,0,10,10,0,0,,,
2026-04-08,上海市,3,0,3,0,3,0,0,0,0,0,0,0,0,,,
2026-04-08,杭州市,604,549,55,0,38,34,9,25,0,5,4,1,0,,,
2026-04-08,台州市,301,86,44,171,6,7,2,3,2,6,3,0,2,,,
2026-04-08,郑州市,139,139,0,0,4,7,7,0,0,0,0,0,0,,,
2026-04-08,鄂州市,0,0,0,0,0,0,0,0,0,0,0,0,0,,,
2026-04-08,泉州市,312,299,13,0,15,19,17,2,0,2,2,0,0,,,
2026-04-08,西安市,24,23,1,0,4,9,9,0,0,0,0,0,0,,,
2026-04-09,武汉市,2268,1411,813,44,166,20,19,1,0,18,16,1,0,,,
2026-04-09,常州市,2220,879,1090,251,156,15,14,1,0,16,7,6,0,,,
2026-04-09,苏州市,8571,2921,4428,1222,650,54,40,14,0,66,29,26,0,,,
2026-04-09,无锡市,861,439,380,42,94,10,9,1,0,5,4,1,0,,,
2026-04-09,南通市,848,329,428,91,63,4,3,1,0,6,4,1,0,,,
2026-04-09,宁波市,4101,2108,1583,410,264,27,19,4,4,50,24,13,4,,,
2026-04-09,合肥市,0,0,0,0,0,0,0,0,0,0,0,0,0,,,
2026-04-09,徐州市,0,0,0,0,0,0,0,0,0,0,0,0,0,,,
2026-04-09,金华市,0,0,0,0,0,0,0,0,0,0,0,0,0,,,
2026-04-09,南京市,5180,1727,2056,1397,276,14,6,7,1,46,19,15,1,,,
2026-04-09,芜湖市,411,132,273,6,32,1,1,0,0,0,0,0,0,,,
2026-04-09,温州市,1531,930,288,313,60,26,19,0,7,30,23,3,7,,,
2026-04-09,青岛市,856,814,30,12,42,27,25,1,1,10,10,0,1,,,
2026-04-09,上海市,3,0,3,0,3,0,0,0,0,1,0,1,0,,,
2026-04-09,杭州市,640,582,58,0,40,48,41,7,0,11,9,2,0,,,
2026-04-09,台州市,309,85,45,179,6,7,1,0,6,4,1,0,6,,,
2026-04-09,郑州市,167,166,1,0,5,28,27,1,0,0,0,0,0,,,
2026-04-09,鄂州市,0,0,0,0,0,0,0,0,0,0,0,0,0,,,
2026-04-09,泉州市,327,313,14,0,15,18,16,2,0,4,4,0,0,,,
2026-04-09,西安市,38,37,1,0,8,15,15,0,0,1,1,0,0,,,
2026-04-10,武汉市,2266,1408,812,46,158,19,18,1,0,29,26,2,0,,,
2026-04-10,常州市,2223,884,1083,256,147,19,14,3,2,22,9,12,2,,,
2026-04-10,苏州市,8591,2934,4426,1231,621,66,44,16,6,70,32,29,6,,,
2026-04-10,无锡市,858,435,381,42,94,3,3,0,0,8,7,1,0,,,
2026-04-10,南通市,849,328,430,91,63,5,2,2,1,10,7,2,1,,,
2026-04-10,宁波市,4100,2116,1579,405,255,33,25,6,2,47,17,17,2,,,
2026-04-10,合肥市,0,0,0,0,0,0,0,0,0,0,0,0,0,,,
2026-04-10,徐州市,0,0,0,0,0,0,0,0,0,0,0,0,0,,,
2026-04-10,金华市,0,0,0,0,0,0,0,0,0,0,0,0,0,,,
2026-04-10,南京市,5182,1732,2055,1395,255,27,22,4,1,43,14,17,1,,,
2026-04-10,芜湖市,413,134,273,6,34,2,2,0,0,0,0,0,0,,,
2026-04-10,温州市,1530,929,289,312,59,25,13,4,8,25,14,5,8,,,
2026-04-10,青岛市,881,840,29,12,42,29,28,1,0,7,6,1,0,,,
2026-04-10,上海市,3,0,3,0,3,0,0,0,0,0,0,0,0,,,
2026-04-10,杭州市,677,641,36,0,40,43,41,2,0,7,6,1,0,,,
2026-04-10,台州市,317,85,47,185,5,10,3,0,7,4,2,0,7,,,
2026-04-10,郑州市,174,172,2,0,4,6,6,0,0,0,0,0,0,,,
2026-04-10,鄂州市,0,0,0,0,0,0,0,0,0,0,0,0,0,,,
2026-04-10,泉州市,344,330,14,0,16,18,18,0,0,3,3,0,0,,,
2026-04-10,西安市,49,47,2,0,11,11,10,1,0,0,0,0,0,,,
2026-04-11,武汉市,2260,1406,807,47,158,19,15,3,1,20,11,8,1,,,
2026-04-11,常州市,2222,880,1085,257,140,7,5,2,0,13,8,3,0,,,
2026-04-11,苏州市,8579,2945,4412,1222,607,62,43,17,2,79,38,28,2,,,
2026-04-11,无锡市,852,432,379,41,96,3,2,1,0,9,6,3,0,,,
2026-04-11,南通市,846,329,427,90,62,3,3,0,0,4,2,2,0,,,
2026-04-11,宁波市,4082,2114,1565,403,246,21,18,2,1,40,15,17,1,,,
2026-04-11,合肥市,0,0,0,0,0,0,0,0,0,0,0,0,0,,,
2026-04-11,徐州市,0,0,0,0,0,0,0,0,0,0,0,0,0,,,
2026-04-11,金华市,0,0,0,0,0,0,0,0,0,0,0,0,0,,,
2026-04-11,南京市,5205,1730,2068,1407,247,23,15,6,2,25,8,11,2,,,
2026-04-11,芜湖市,413,135,273,5,33,2,1,1,0,1,0,1,0,,,
2026-04-11,温州市,1529,929,290,310,61,20,16,1,3,25,16,2,3,,,
2026-04-11,青岛市,907,865,29,13,43,29,29,0,0,5,4,0,0,,,
2026-04-11,上海市,4,0,4,0,3,1,0,1,0,0,0,0,0,,,
2026-04-11,杭州市,697,661,36,0,43,39,37,2,0,11,9,2,0,,,
2026-04-11,台州市,314,84,48,182,5,7,3,1,3,10,5,0,3,,,
2026-04-11,郑州市,194,192,2,0,3,21,21,0,0,2,2,0,0,,,
2026-04-11,西安市,58,55,3,0,10,8,8,0,0,0,0,0,0,,,
2026-04-11,鄂州市,0,0,0,0,0,0,0,0,0,0,0,0,0,,,
2026-04-11,泉州市,360,344,16,0,17,17,15,2,0,1,0,1,0,,,
2026-04-12,武汉市,2273,1416,808,49,155,32,29,3,0,29,22,7,0,,,
2026-04-12,常州市,2221,884,1085,252,140,7,5,1,1,12,4,3,1,,,
2026-04-12,苏州市,8587,2948,4411,1228,619,57,40,13,4,73,36,26,4,,,
2026-04-12,无锡市,854,434,378,42,95,7,5,1,1,8,5,3,1,,,
2026-04-12,南通市,842,324,428,90,64,2,2,0,0,6,5,1,0,,,
2026-04-12,宁波市,4081,2122,1566,393,253,33,30,0,3,54,30,8,3,,,
2026-04-12,合肥市,0,0,0,0,0,0,0,0,0,0,0,0,0,,,
2026-04-12,徐州市,0,0,0,0,0,0,0,0,0,0,0,0,0,,,
2026-04-12,金华市,0,0,0,0,0,0,0,0,0,0,0,0,0,,,
2026-04-12,南京市,5194,1716,2067,1411,254,19,8,9,2,38,15,9,2,,,
2026-04-12,芜湖市,414,136,272,6,32,3,2,0,1,2,0,1,1,,,
2026-04-12,温州市,1511,919,291,301,58,11,9,0,2,30,17,2,2,,,
2026-04-12,青岛市,932,888,30,14,40,27,24,1,2,5,5,0,2,,,
2026-04-12,上海市,3,0,3,0,3,0,0,0,0,0,0,0,0,,,
2026-04-12,杭州市,738,700,38,0,42,45,43,2,0,16,15,1,0,,,
2026-04-12,台州市,315,83,48,184,4,5,1,0,4,4,2,0,4,,,
2026-04-12,郑州市,201,199,2,0,3,9,9,0,0,1,1,0,0,,,
2026-04-12,西安市,72,68,4,0,15,14,13,1,0,0,0,0,0,,,
2026-04-12,鄂州市,0,0,0,0,0,0,0,0,0,0,0,0,0,,,
2026-04-12,泉州市,376,359,17,0,17,20,19,1,0,2,2,0,0,,,
2026-04-13,武汉市,2277,1422,808,47,168,21,21,0,0,26,19,5,0,0,2277,0
2026-04-13,常州市,2208,881,1082,245,140,6,4,2,0,18,10,4,0,0,2208,0
2026-04-13,苏州市,8590,2966,4408,1216,614,61,43,14,4,97,40,35,4,0,8075,515
2026-04-13,无锡市,857,432,381,44,94,7,5,2,0,11,8,3,0,0,857,0
2026-04-13,南通市,840,324,427,89,64,3,2,0,1,7,4,1,1,0,840,0
2026-04-13,宁波市,4075,2121,1562,392,251,27,13,2,12,41,18,11,12,63,3892,120
2026-04-13,合肥市,0,0,0,0,0,0,0,0,0,0,0,0,0,0,0,0
2026-04-13,徐州市,0,0,0,0,0,0,0,0,0,0,0,0,0,0,0,0
2026-04-13,金华市,0,0,0,0,0,0,0,0,0,0,0,0,0,0,0,0
2026-04-13,南京市,5207,1716,2061,1430,253,27,16,8,3,47,24,19,3,170,5037,0
2026-04-13,芜湖市,414,137,271,6,31,1,1,0,0,2,1,1,0,0,414,0
2026-04-13,温州市,1505,917,290,298,56,17,13,1,3,29,18,1,3,51,1454,0
2026-04-13,青岛市,938,889,32,17,43,15,12,2,1,4,4,0,1,0,938,0
2026-04-13,上海市,3,0,3,0,3,0,0,0,0,0,0,0,0,2,0,1
2026-04-13,杭州市,770,733,37,0,49,45,45,0,0,10,10,0,0,0,770,0
2026-04-13,台州市,316,85,48,183,5,6,2,0,4,8,1,1,4,0,316,0
2026-04-13,郑州市,230,228,2,0,3,29,29,0,0,0,0,0,0,0,230,0
2026-04-13,西安市,80,74,6,0,17,8,6,2,0,0,0,0,0,0,80,0
2026-04-13,鄂州市,0,0,0,0,0,0,0,0,0,0,0,0,0,0,0,0
2026-04-13,泉州市,394,376,18,0,18,23,22,1,0,5,5,0,0,0,151,243
2026-04-14,武汉市,2269,1421,805,43,167,24,23,1,0,24,20,3,0,0,2269,0
2026-04-14,常州市,2212,884,1087,241,140,19,13,5,1,20,9,5,1,0,2212,0
2026-04-14,苏州市,8603,2972,4406,1225,608,60,46,11,3,71,41,21,3,0,8083,520
2026-04-14,无锡市,848,426,380,42,86,4,4,0,0,12,10,1,0,0,848,0
2026-04-14,南通市,840,325,425,90,68,3,2,1,0,5,1,4,0,0,840,0
2026-04-14,宁波市,4054,2105,1554,395,247,34,18,5,11,37,22,8,11,62,3870,122
2026-04-14,合肥市,0,0,0,0,0,0,0,0,0,0,0,0,0,0,0,0
2026-04-14,徐州市,0,0,0,0,0,0,0,0,0,0,0,0,0,0,0,0
2026-04-14,金华市,0,0,0,0,0,0,0,0,0,0,0,0,0,0,0,0
2026-04-14,南京市,5203,1718,2058,1427,250,20,11,6,3,40,13,17,3,171,5032,0
2026-04-14,芜湖市,416,137,273,6,31,2,1,1,0,0,0,0,0,0,416,0
2026-04-14,温州市,1503,912,293,298,57,33,19,4,10,38,25,3,10,51,1452,0
2026-04-14,青岛市,956,907,33,16,44,27,25,2,0,10,8,0,0,0,956,0
2026-04-14,上海市,3,0,3,0,3,0,0,0,0,0,0,0,0,2,0,1
2026-04-14,杭州市,807,769,38,0,47,51,49,2,0,20,20,0,0,0,807,0
2026-04-14,台州市,311,88,46,177,4,7,4,0,3,6,0,2,3,0,311,0
2026-04-14,郑州市,250,247,3,0,2,19,19,0,0,0,0,0,0,0,250,0
2026-04-14,西安市,94,88,6,0,18,14,14,0,0,0,0,0,0,0,94,0
2026-04-14,鄂州市,0,0,0,0,0,0,0,0,0,0,0,0,0,0,0,0
2026-04-14,泉州市,413,395,18,0,14,20,19,1,0,2,1,1,0,0,157,256
2026-04-15,武汉市,2343,1469,828,46,193,102,64,38,0,42,27,15,0,0,2343,0
2026-04-15,常州市,2218,895,1086,237,142,15,12,3,0,22,10,6,0,0,2218,0
2026-04-15,苏州市,8621,2982,4413,1226,594,57,42,7,8,66,38,17,8,0,8093,528
2026-04-15,无锡市,848,426,379,43,92,5,5,0,0,9,7,2,0,0,848,0
2026-04-15,南通市,846,329,429,88,67,8,6,1,1,11,6,3,1,0,846,0
2026-04-15,宁波市,4074,2120,1557,397,247,52,40,6,6,51,25,9,6,62,3889,123
2026-04-15,合肥市,0,0,0,0,0,0,0,0,0,0,0,0,0,0,0,0
2026-04-15,徐州市,0,0,0,0,0,0,0,0,0,0,0,0,0,0,0,0
2026-04-15,金华市,0,0,0,0,0,0,0,0,0,0,0,0,0,0,0,0
2026-04-15,南京市,5191,1716,2058,1417,246,28,16,8,4,54,21,17,4,174,5017,0
2026-04-15,芜湖市,418,138,273,7,33,4,3,1,0,3,2,1,0,0,418,0
2026-04-15,温州市,1497,908,293,296,60,20,15,0,5,26,20,2,5,51,1446,0
2026-04-15,青岛市,964,915,32,17,46,21,20,0,1,14,14,0,1,0,964,0
2026-04-15,上海市,3,0,3,0,2,0,0,0,0,0,0,0,0,2,0,1
2026-04-15,杭州市,826,791,35,0,50,42,41,1,0,20,20,0,0,0,826,0
2026-04-15,台州市,313,89,45,179,4,4,3,0,1,4,2,0,1,0,313,0
2026-04-15,郑州市,279,276,3,0,3,30,29,1,0,0,0,0,0,0,279,0
2026-04-15,西安市,110,103,7,0,18,17,16,1,0,1,1,0,0,0,110,0
2026-04-15,鄂州市,0,0,0,0,0,0,0,0,0,0,0,0,0,0,0,0
2026-04-15,泉州市,430,412,18,0,12,15,15,0,0,0,0,0,0,0,165,265
