日期,城市,电柜数,上线电柜数,5仓电柜数,6仓电柜数,8仓电柜数,10仓电柜数,12仓电柜数,16仓电柜数
2025-12-05,上海市,1802,2,2,1,40,1259,409,2
2025-12-05,南京市,299,297,0,0,0,297,2,0
2025-12-05,南通市,78,77,0,0,0,37,41,0
2025-12-05,合肥市,4,0,0,0,0,4,0,0
2025-12-05,宁波市,358,353,0,0,0,277,81,0
2025-12-05,常州市,181,178,0,0,0,26,155,0
2025-12-05,无锡市,99,99,0,0,0,40,59,0
2025-12-05,杭州市,44,0,0,0,0,44,0,0
2025-12-05,武汉市,212,198,0,0,53,17,142,0
2025-12-05,温州市,182,182,0,0,0,142,40,0
2025-12-05,芜湖市,46,44,0,0,0,14,32,0
2025-12-05,苏州市,661,648,0,0,0,248,412,1
2025-12-05,青岛市,175,151,0,0,0,98,77,0
2025-12-06,上海市,1802,2,2,1,40,1259,409,2
2025-12-06,南京市,299,297,0,0,0,297,2,0
2025-12-06,南通市,78,77,0,0,0,37,41,0
2025-12-06,合肥市,4,0,0,0,0,4,0,0
2025-12-06,宁波市,358,355,0,0,0,277,81,0
2025-12-06,常州市,181,178,0,0,0,26,155,0
2025-12-06,无锡市,99,99,0,0,0,40,59,0
2025-12-06,杭州市,44,0,0,0,0,44,0,0
2025-12-06,武汉市,212,198,0,0,53,17,142,0
2025-12-06,温州市,182,182,0,0,0,142,40,0
2025-12-06,芜湖市,46,44,0,0,0,14,32,0
2025-12-06,苏州市,661,648,0,0,0,248,412,1
2025-12-06,青岛市,175,152,0,0,0,98,77,0
2025-12-07,上海市,1802,2,2,1,40,1259,409,2
2025-12-07,南京市,299,297,0,0,0,297,2,0
2025-12-07,南通市,78,77,0,0,0,37,41,0
2025-12-07,合肥市,4,0,0,0,0,4,0,0
2025-12-07,宁波市,358,355,0,0,0,277,81,0
2025-12-07,常州市,181,178,0,0,0,26,155,0
2025-12-07,无锡市,99,99,0,0,0,40,59,0
2025-12-07,杭州市,44,0,0,0,0,44,0,0
2025-12-07,武汉市,212,198,0,0,53,17,142,0
2025-12-07,温州市,182,182,0,0,0,142,40,0
2025-12-07,芜湖市,46,44,0,0,0,14,32,0
2025-12-07,苏州市,661,648,0,0,0,248,412,1
2025-12-07,青岛市,175,152,0,0,0,98,77,0
2025-12-08,上海市,1802,2,2,1,40,1259,409,2
2025-12-08,南京市,299,297,0,0,0,297,2,0
2025-12-08,南通市,78,77,0,0,0,37,41,0
2025-12-08,合肥市,4,0,0,0,0,4,0,0
2025-12-08,宁波市,358,355,0,0,0,277,81,0
2025-12-08,常州市,181,178,0,0,0,26,155,0
2025-12-08,无锡市,99,99,0,0,0,40,59,0
2025-12-08,杭州市,44,0,0,0,0,44,0,0
2025-12-08,武汉市,212,198,0,0,53,17,142,0
2025-12-08,温州市,182,182,0,0,0,142,40,0
2025-12-08,芜湖市,46,44,0,0,0,14,32,0
2025-12-08,苏州市,661,648,0,0,0,248,412,1
2025-12-08,青岛市,175,152,0,0,0,98,77,0
2025-12-09,上海市,1802,2,2,1,40,1259,409,2
2025-12-09,南京市,299,297,0,0,0,297,2,0
2025-12-09,南通市,78,77,0,0,0,37,41,0
2025-12-09,合肥市,4,0,0,0,0,4,0,0
2025-12-09,宁波市,358,355,0,0,0,277,81,0
2025-12-09,常州市,181,178,0,0,0,26,155,0
2025-12-09,无锡市,99,99,0,0,0,40,59,0
2025-12-09,杭州市,44,0,0,0,0,44,0,0
2025-12-09,武汉市,212,198,0,0,53,17,142,0
2025-12-09,温州市,182,182,0,0,0,142,40,0
2025-12-09,芜湖市,46,44,0,0,0,14,32,0
2025-12-09,苏州市,661,648,0,0,0,248,412,1
2025-12-09,青岛市,175,154,0,0,0,98,77,0
2025-12-10,上海市,1802,2,2,1,40,1259,409,2
2025-12-10,南京市,299,297,0,0,0,297,2,0
2025-12-10,南通市,78,77,0,0,0,37,41,0
2025-12-10,合肥市,4,0,0,0,0,4,0,0
2025-12-10,宁波市,358,355,0,0,0,277,81,0
2025-12-10,常州市,181,178,0,0,0,26,155,0
2025-12-10,无锡市,99,99,0,0,0,40,59,0
2025-12-10,杭州市,44,0,0,0,0,44,0,0
2025-12-10,武汉市,212,198,0,0,53,17,142,0
2025-12-10,温州市,182,182,0,0,0,142,40,0
2025-12-10,芜湖市,46,44,0,0,0,14,32,0
2025-12-10,苏州市,661,648,0,0,0,248,412,1
2025-12-10,青岛市,175,155,0,0,0,98,77,0
2025-12-11,上海市,1759,2,2,1,40,1216,409,2
2025-12-11,南京市,299,297,0,0,0,297,2,0
2025-12-11,南通市,78,77,0,0,0,37,41,0
2025-12-11,合肥市,4,0,0,0,0,4,0,0
2025-12-11,宁波市,358,355,0,0,0,277,81,0
2025-12-11,常州市,181,178,0,0,0,26,155,0
2025-12-11,无锡市,99,99,0,0,0,40,59,0
2025-12-11,杭州市,44,0,0,0,0,44,0,0
2025-12-11,武汉市,212,199,0,0,53,17,142,0
2025-12-11,泉州市,43,0,0,0,0,43,0,0
2025-12-11,温州市,182,182,0,0,0,142,40,0
2025-12-11,芜湖市,46,44,0,0,0,14,32,0
2025-12-11,苏州市,661,648,0,0,0,248,412,1
2025-12-11,青岛市,175,155,0,0,0,98,77,0
2025-12-12,上海市,1775,2,2,1,40,1224,417,2
2025-12-12,南京市,299,297,0,0,0,297,2,0
2025-12-12,南通市,78,77,0,0,0,37,41,0
2025-12-12,合肥市,4,0,0,0,0,4,0,0
2025-12-12,宁波市,358,355,0,0,0,277,81,0
2025-12-12,常州市,181,178,0,0,0,26,155,0
2025-12-12,无锡市,99,99,0,0,0,40,59,0
2025-12-12,杭州市,44,0,0,0,0,44,0,0
2025-12-12,武汉市,212,199,0,0,53,17,142,0
2025-12-12,泉州市,43,0,0,0,0,43,0,0
2025-12-12,温州市,182,182,0,0,0,142,40,0
2025-12-12,芜湖市,46,44,0,0,0,14,32,0
2025-12-12,苏州市,661,648,0,0,0,248,412,1
2025-12-12,青岛市,159,154,0,0,0,90,69,0
2025-12-13,上海市,1775,2,2,1,40,1224,417,2
2025-12-13,南京市,299,298,0,0,0,297,2,0
2025-12-13,南通市,78,77,0,0,0,37,41,0
2025-12-13,合肥市,4,0,0,0,0,4,0,0
2025-12-13,宁波市,358,355,0,0,0,277,81,0
2025-12-13,常州市,181,178,0,0,0,26,155,0
2025-12-13,无锡市,99,99,0,0,0,40,59,0
2025-12-13,杭州市,44,0,0,0,0,44,0,0
2025-12-13,武汉市,212,198,0,0,53,17,142,0
2025-12-13,泉州市,43,0,0,0,0,43,0,0
2025-12-13,温州市,182,182,0,0,0,142,40,0
2025-12-13,芜湖市,46,44,0,0,0,14,32,0
2025-12-13,苏州市,661,648,0,0,0,248,412,1
2025-12-13,青岛市,159,154,0,0,0,90,69,0
2025-12-14,上海市,1775,2,2,1,40,1224,417,2
2025-12-14,南京市,299,297,0,0,0,297,2,0
2025-12-14,南通市,78,77,0,0,0,37,41,0
2025-12-14,合肥市,4,0,0,0,0,4,0,0
2025-12-14,宁波市,358,355,0,0,0,277,81,0
2025-12-14,常州市,181,178,0,0,0,26,155,0
2025-12-14,无锡市,99,99,0,0,0,40,59,0
2025-12-14,杭州市,44,0,0,0,0,44,0,0
2025-12-14,武汉市,212,198,0,0,53,17,142,0
2025-12-14,泉州市,43,0,0,0,0,43,0,0
2025-12-14,温州市,182,182,0,0,0,142,40,0
2025-12-14,芜湖市,46,44,0,0,0,14,32,0
2025-12-14,苏州市,661,648,0,0,0,248,412,1
2025-12-14,青岛市,159,154,0,0,0,90,69,0
2025-12-15,上海市,1775,2,2,1,40,1224,417,2
2025-12-15,南京市,299,297,0,0,0,297,2,0
2025-12-15,南通市,78,77,0,0,0,37,41,0
2025-12-15,合肥市,4,0,0,0,0,4,0,0
2025-12-15,宁波市,358,355,0,0,0,277,81,0
2025-12-15,常州市,181,178,0,0,0,26,155,0
2025-12-15,无锡市,99,99,0,0,0,40,59,0
2025-12-15,杭州市,44,0,0,0,0,44,0,0
2025-12-15,武汉市,212,199,0,0,53,17,142,0
2025-12-15,泉州市,43,0,0,0,0,43,0,0
2025-12-15,温州市,182,182,0,0,0,142,40,0
2025-12-15,芜湖市,46,44,0,0,0,14,32,0
2025-12-15,苏州市,661,648,0,0,0,248,412,1
2025-12-15,青岛市,159,154,0,0,0,90,69,0
2025-12-16,上海市,1775,2,2,1,40,1224,417,2
2025-12-16,南京市,299,297,0,0,0,297,2,0
2025-12-16,南通市,78,77,0,0,0,37,41,0
2025-12-16,合肥市,4,0,0,0,0,4,0,0
2025-12-16,宁波市,358,355,0,0,0,277,81,0
2025-12-16,常州市,181,178,0,0,0,26,155,0
2025-12-16,无锡市,99,99,0,0,0,40,59,0
2025-12-16,杭州市,44,0,0,0,0,44,0,0
2025-12-16,武汉市,212,199,0,0,53,17,142,0
2025-12-16,泉州市,43,0,0,0,0,43,0,0
2025-12-16,温州市,182,182,0,0,0,142,40,0
2025-12-16,芜湖市,46,44,0,0,0,14,32,0
2025-12-16,苏州市,661,648,0,0,0,248,412,1
2025-12-16,青岛市,159,155,0,0,0,90,69,0
2025-12-17,上海市,1777,2,2,1,40,1224,419,2
2025-12-17,南京市,299,297,0,0,0,297,2,0
2025-12-17,南通市,78,77,0,0,0,37,41,0
2025-12-17,合肥市,4,0,0,0,0,4,0,0
2025-12-17,宁波市,358,355,0,0,0,277,81,0
2025-12-17,常州市,181,178,0,0,0,26,155,0
2025-12-17,无锡市,99,99,0,0,0,40,59,0
2025-12-17,杭州市,44,0,0,0,0,44,0,0
2025-12-17,武汉市,212,199,0,0,53,17,142,0
2025-12-17,泉州市,43,0,0,0,0,43,0,0
2025-12-17,温州市,182,182,0,0,0,142,40,0
2025-12-17,芜湖市,46,44,0,0,0,14,32,0
2025-12-17,苏州市,659,648,0,0,0,248,410,1
2025-12-17,青岛市,159,155,0,0,0,90,69,0
2025-12-18,上海市,1779,2,2,1,40,1224,421,2
2025-12-18,南京市,299,297,0,0,0,297,2,0
2025-12-18,南通市,78,77,0,0,0,37,41,0
2025-12-18,合肥市,4,0,0,0,0,4,0,0
2025-12-18,宁波市,358,355,0,0,0,277,81,0
2025-12-18,常州市,179,176,0,0,0,26,153,0
2025-12-18,无锡市,99,99,0,0,0,40,59,0
2025-12-18,杭州市,44,0,0,0,0,44,0,0
2025-12-18,武汉市,212,199,0,0,53,17,142,0
2025-12-18,泉州市,43,0,0,0,0,43,0,0
2025-12-18,温州市,182,182,0,0,0,142,40,0
2025-12-18,芜湖市,46,44,0,0,0,14,32,0
2025-12-18,苏州市,659,649,0,0,0,248,410,1
2025-12-18,青岛市,159,155,0,0,0,90,69,0
2025-12-19,上海市,1779,2,2,1,40,1224,421,2
2025-12-19,南京市,299,297,0,0,0,297,2,0
2025-12-19,南通市,78,77,0,0,0,37,41,0
2025-12-19,合肥市,4,0,0,0,0,4,0,0
2025-12-19,宁波市,358,354,0,0,0,277,81,0
2025-12-19,常州市,179,176,0,0,0,26,153,0
2025-12-19,无锡市,99,99,0,0,0,40,59,0
2025-12-19,杭州市,44,1,0,0,0,44,0,0
2025-12-19,武汉市,212,199,0,0,53,17,142,0
2025-12-19,泉州市,43,0,0,0,0,43,0,0
2025-12-19,温州市,182,182,0,0,0,142,40,0
2025-12-19,芜湖市,46,44,0,0,0,14,32,0
2025-12-19,苏州市,659,649,0,0,0,248,410,1
2025-12-19,青岛市,159,156,0,0,0,90,69,0
2025-12-20,上海市,1779,2,2,1,40,1224,421,2
2025-12-20,南京市,299,297,0,0,0,297,2,0
2025-12-20,南通市,78,77,0,0,0,37,41,0
2025-12-20,合肥市,4,0,0,0,0,4,0,0
2025-12-20,宁波市,358,355,0,0,0,277,81,0
2025-12-20,常州市,179,176,0,0,0,26,153,0
2025-12-20,无锡市,99,99,0,0,0,40,59,0
2025-12-20,杭州市,44,1,0,0,0,44,0,0
2025-12-20,武汉市,212,199,0,0,53,17,142,0
2025-12-20,泉州市,43,0,0,0,0,43,0,0
2025-12-20,温州市,182,182,0,0,0,142,40,0
2025-12-20,芜湖市,46,44,0,0,0,14,32,0
2025-12-20,苏州市,659,649,0,0,0,248,410,1
2025-12-20,青岛市,159,156,0,0,0,90,69,0
2025-12-21,上海市,1779,2,2,1,40,1224,421,2
2025-12-21,南京市,299,297,0,0,0,297,2,0
2025-12-21,南通市,78,77,0,0,0,37,41,0
2025-12-21,合肥市,4,0,0,0,0,4,0,0
2025-12-21,宁波市,358,355,0,0,0,277,81,0
2025-12-21,常州市,179,176,0,0,0,26,153,0
2025-12-21,无锡市,99,99,0,0,0,40,59,0
2025-12-21,杭州市,44,1,0,0,0,44,0,0
2025-12-21,武汉市,212,199,0,0,53,17,142,0
2025-12-21,泉州市,43,0,0,0,0,43,0,0
2025-12-21,温州市,182,181,0,0,0,142,40,0
2025-12-21,芜湖市,46,44,0,0,0,14,32,0
2025-12-21,苏州市,659,649,0,0,0,248,410,1
2025-12-21,青岛市,159,156,0,0,0,90,69,0
2025-12-22,上海市,1732,2,2,1,40,1181,417,2
2025-12-22,南京市,301,298,0,0,0,297,4,0
2025-12-22,南通市,78,77,0,0,0,37,41,0
2025-12-22,合肥市,4,0,0,0,0,4,0,0
2025-12-22,宁波市,358,354,0,0,0,277,81,0
2025-12-22,常州市,181,176,0,0,0,26,155,0
2025-12-22,无锡市,99,99,0,0,0,40,59,0
2025-12-22,杭州市,88,15,0,0,0,88,0,0
2025-12-22,武汉市,212,199,0,0,53,17,142,0
2025-12-22,泉州市,43,1,0,0,0,43,0,0
2025-12-22,温州市,182,181,0,0,0,142,40,0
2025-12-22,芜湖市,46,44,0,0,0,14,32,0
2025-12-22,苏州市,659,648,0,0,0,248,410,1
2025-12-22,青岛市,159,156,0,0,0,90,69,0
2025-12-23,上海市,1735,2,2,1,40,1181,420,2
2025-12-23,南京市,301,298,0,0,0,297,4,0
2025-12-23,南通市,75,75,0,0,0,37,38,0
2025-12-23,合肥市,4,0,0,0,0,4,0,0
2025-12-23,宁波市,358,354,0,0,0,277,81,0
2025-12-23,常州市,181,176,0,0,0,26,155,0
2025-12-23,无锡市,99,99,0,0,0,40,59,0
2025-12-23,杭州市,88,15,0,0,0,88,0,0
2025-12-23,武汉市,212,199,0,0,53,17,142,0
2025-12-23,泉州市,43,7,0,0,0,43,0,0
2025-12-23,温州市,182,181,0,0,0,142,40,0
2025-12-23,芜湖市,46,44,0,0,0,14,32,0
2025-12-23,苏州市,659,648,0,0,0,248,410,1
2025-12-23,青岛市,159,156,0,0,0,90,69,0
2025-12-24,上海市,1735,2,2,1,40,1181,420,2
2025-12-24,南京市,301,298,0,0,0,297,4,0
2025-12-24,南通市,75,75,0,0,0,37,38,0
2025-12-24,合肥市,4,0,0,0,0,4,0,0
2025-12-24,宁波市,358,354,0,0,0,277,81,0
2025-12-24,常州市,181,176,0,0,0,26,155,0
2025-12-24,无锡市,99,99,0,0,0,40,59,0
2025-12-24,杭州市,88,17,0,0,0,88,0,0
2025-12-24,武汉市,212,199,0,0,53,17,142,0
2025-12-24,泉州市,43,11,0,0,0,43,0,0
2025-12-24,温州市,182,181,0,0,0,142,40,0
2025-12-24,芜湖市,46,44,0,0,0,14,32,0
2025-12-24,苏州市,659,648,0,0,0,248,410,1
2025-12-24,青岛市,159,159,0,0,0,90,69,0
2025-12-25,上海市,1735,2,2,1,40,1181,420,2
2025-12-25,南京市,301,299,0,0,0,297,4,0
2025-12-25,南通市,75,75,0,0,0,37,38,0
2025-12-25,合肥市,4,0,0,0,0,4,0,0
2025-12-25,宁波市,358,354,0,0,0,277,81,0
2025-12-25,常州市,181,176,0,0,0,26,155,0
2025-12-25,无锡市,99,99,0,0,0,40,59,0
2025-12-25,杭州市,88,17,0,0,0,88,0,0
2025-12-25,武汉市,212,200,0,0,53,17,142,0
2025-12-25,泉州市,43,11,0,0,0,43,0,0
2025-12-25,温州市,182,181,0,0,0,142,40,0
2025-12-25,芜湖市,46,44,0,0,0,14,32,0
2025-12-25,苏州市,659,649,0,0,0,248,410,1
2025-12-25,青岛市,159,159,0,0,0,90,69,0
2025-12-26,上海市,1735,2,2,1,40,1181,420,2
2025-12-26,南京市,301,300,0,0,0,297,4,0
2025-12-26,南通市,75,75,0,0,0,37,38,0
2025-12-26,合肥市,4,0,0,0,0,4,0,0
2025-12-26,宁波市,358,354,0,0,0,277,81,0
2025-12-26,常州市,181,179,0,0,0,26,155,0
2025-12-26,无锡市,99,99,0,0,0,40,59,0
2025-12-26,杭州市,88,19,0,0,0,88,0,0
2025-12-26,武汉市,212,200,0,0,53,17,142,0
2025-12-26,泉州市,43,19,0,0,0,43,0,0
2025-12-26,温州市,182,181,0,0,0,142,40,0
2025-12-26,芜湖市,46,44,0,0,0,14,32,0
2025-12-26,苏州市,659,649,0,0,0,248,410,1
2025-12-26,青岛市,159,159,0,0,0,90,69,0
2025-12-27,上海市,1735,2,2,1,40,1181,420,2
2025-12-27,南京市,301,300,0,0,0,297,4,0
2025-12-27,南通市,75,75,0,0,0,37,38,0
2025-12-27,合肥市,4,0,0,0,0,4,0,0
2025-12-27,宁波市,358,353,0,0,0,277,81,0
2025-12-27,常州市,181,179,0,0,0,26,155,0
2025-12-27,无锡市,99,99,0,0,0,40,59,0
2025-12-27,杭州市,88,25,0,0,0,88,0,0
2025-12-27,武汉市,212,200,0,0,53,17,142,0
2025-12-27,泉州市,43,26,0,0,0,43,0,0
2025-12-27,温州市,182,181,0,0,0,142,40,0
2025-12-27,芜湖市,46,44,0,0,0,14,32,0
2025-12-27,苏州市,659,649,0,0,0,248,410,1
2025-12-27,青岛市,159,159,0,0,0,90,69,0
2025-12-28,上海市,1735,2,2,1,40,1181,420,2
2025-12-28,南京市,301,300,0,0,0,297,4,0
2025-12-28,南通市,75,75,0,0,0,37,38,0
2025-12-28,合肥市,4,0,0,0,0,4,0,0
2025-12-28,宁波市,358,353,0,0,0,277,81,0
2025-12-28,常州市,181,179,0,0,0,26,155,0
2025-12-28,无锡市,99,99,0,0,0,40,59,0
2025-12-28,杭州市,88,38,0,0,0,88,0,0
2025-12-28,武汉市,212,200,0,0,53,17,142,0
2025-12-28,泉州市,43,26,0,0,0,43,0,0
2025-12-28,温州市,182,181,0,0,0,142,40,0
2025-12-28,芜湖市,46,44,0,0,0,14,32,0
2025-12-28,苏州市,659,649,0,0,0,248,410,1
2025-12-28,青岛市,159,159,0,0,0,90,69,0
2025-12-29,上海市,1724,2,2,1,40,1181,409,2
2025-12-29,南京市,301,300,0,0,0,297,4,0
2025-12-29,南通市,75,75,0,0,0,37,38,0
2025-12-29,合肥市,4,0,0,0,0,4,0,0
2025-12-29,宁波市,369,351,0,0,0,277,92,0
2025-12-29,常州市,181,179,0,0,0,26,155,0
2025-12-29,无锡市,99,99,0,0,0,40,59,0
2025-12-29,杭州市,88,42,0,0,0,88,0,0
2025-12-29,武汉市,212,198,0,0,53,17,142,0
2025-12-29,泉州市,43,30,0,0,0,43,0,0
2025-12-29,温州市,182,181,0,0,0,142,40,0
2025-12-29,芜湖市,46,44,0,0,0,14,32,0
2025-12-29,苏州市,659,649,0,0,0,248,410,1
2025-12-29,青岛市,159,159,0,0,0,90,69,0
2025-12-30,上海市,1745,2,2,1,40,1189,422,2
2025-12-30,南京市,301,300,0,0,0,297,4,0
2025-12-30,南通市,75,75,0,0,0,37,38,0
2025-12-30,合肥市,4,0,0,0,0,4,0,0
2025-12-30,宁波市,369,351,0,0,0,277,92,0
2025-12-30,常州市,181,177,0,0,0,26,155,0
2025-12-30,无锡市,97,97,0,0,0,40,57,0
2025-12-30,杭州市,88,42,0,0,0,88,0,0
2025-12-30,武汉市,212,197,0,0,53,17,142,0
2025-12-30,泉州市,43,33,0,0,0,43,0,0
2025-12-30,温州市,182,181,0,0,0,142,40,0
2025-12-30,芜湖市,46,44,0,0,0,14,32,0
2025-12-30,苏州市,640,634,0,0,0,240,399,1
2025-12-30,青岛市,159,159,0,0,0,90,69,0
2025-12-31,上海市,1751,2,2,1,40,1191,426,2
2025-12-31,南京市,299,298,0,0,0,297,2,0
2025-12-31,南通市,75,75,0,0,0,37,38,0
2025-12-31,合肥市,4,0,0,0,0,4,0,0
2025-12-31,宁波市,365,349,0,0,0,275,90,0
2025-12-31,常州市,181,177,0,0,0,26,155,0
2025-12-31,无锡市,97,97,0,0,0,40,57,0
2025-12-31,杭州市,88,45,0,0,0,88,0,0
2025-12-31,武汉市,212,202,0,0,53,17,142,0
2025-12-31,泉州市,43,33,0,0,0,43,0,0
2025-12-31,温州市,182,181,0,0,0,142,40,0
2025-12-31,芜湖市,46,44,0,0,0,14,32,0
2025-12-31,苏州市,640,634,0,0,0,240,399,1
2025-12-31,青岛市,159,159,0,0,0,90,69,0
2026-01-01,上海市,1751,2,2,1,40,1191,426,2
2026-01-01,南京市,299,298,0,0,0,297,2,0
2026-01-01,南通市,75,75,0,0,0,37,38,0
2026-01-01,合肥市,4,0,0,0,0,4,0,0
2026-01-01,宁波市,365,349,0,0,0,275,90,0
2026-01-01,常州市,181,177,0,0,0,26,155,0
2026-01-01,无锡市,97,97,0,0,0,40,57,0
2026-01-01,杭州市,88,48,0,0,0,88,0,0
2026-01-01,武汉市,212,202,0,0,53,17,142,0
2026-01-01,泉州市,43,37,0,0,0,43,0,0
2026-01-01,温州市,182,181,0,0,0,142,40,0
2026-01-01,芜湖市,46,44,0,0,0,14,32,0
2026-01-01,苏州市,640,634,0,0,0,240,399,1
2026-01-01,青岛市,159,159,0,0,0,90,69,0
2026-01-02,上海市,1751,2,2,1,40,1191,426,2
2026-01-02,南京市,299,298,0,0,0,297,2,0
2026-01-02,南通市,75,75,0,0,0,37,38,0
2026-01-02,合肥市,4,0,0,0,0,4,0,0
2026-01-02,宁波市,365,349,0,0,0,275,90,0
2026-01-02,常州市,181,177,0,0,0,26,155,0
2026-01-02,无锡市,97,97,0,0,0,40,57,0
2026-01-02,杭州市,88,48,0,0,0,88,0,0
2026-01-02,武汉市,212,202,0,0,53,17,142,0
2026-01-02,泉州市,43,38,0,0,0,43,0,0
2026-01-02,温州市,182,181,0,0,0,142,40,0
2026-01-02,芜湖市,46,44,0,0,0,14,32,0
2026-01-02,苏州市,640,633,0,0,0,240,399,1
2026-01-02,青岛市,159,159,0,0,0,90,69,0
2026-01-03,上海市,1751,2,2,1,40,1191,426,2
2026-01-03,南京市,299,298,0,0,0,297,2,0
2026-01-03,南通市,75,75,0,0,0,37,38,0
2026-01-03,合肥市,4,0,0,0,0,4,0,0
2026-01-03,宁波市,365,349,0,0,0,275,90,0
2026-01-03,常州市,181,177,0,0,0,26,155,0
2026-01-03,无锡市,97,97,0,0,0,40,57,0
2026-01-03,杭州市,88,48,0,0,0,88,0,0
2026-01-03,武汉市,212,202,0,0,53,17,142,0
2026-01-03,泉州市,43,38,0,0,0,43,0,0
2026-01-03,温州市,182,181,0,0,0,142,40,0
2026-01-03,芜湖市,46,44,0,0,0,14,32,0
2026-01-03,苏州市,640,634,0,0,0,240,399,1
2026-01-03,青岛市,159,159,0,0,0,90,69,0
2026-01-04,上海市,1751,2,2,1,40,1191,426,2
2026-01-04,南京市,299,298,0,0,0,297,2,0
2026-01-04,南通市,75,75,0,0,0,37,38,0
2026-01-04,合肥市,4,0,0,0,0,4,0,0
2026-01-04,宁波市,365,349,0,0,0,275,90,0
2026-01-04,常州市,181,177,0,0,0,26,155,0
2026-01-04,无锡市,97,97,0,0,0,40,57,0
2026-01-04,杭州市,88,48,0,0,0,88,0,0
2026-01-04,武汉市,212,202,0,0,53,17,142,0
2026-01-04,泉州市,43,43,0,0,0,43,0,0
2026-01-04,温州市,182,181,0,0,0,142,40,0
2026-01-04,芜湖市,46,44,0,0,0,14,32,0
2026-01-04,苏州市,640,634,0,0,0,240,399,1
2026-01-04,青岛市,159,159,0,0,0,90,69,0
2026-01-05,上海市,1753,2,2,1,40,1192,427,2
2026-01-05,南京市,299,299,0,0,0,297,2,0
2026-01-05,南通市,75,75,0,0,0,37,38,0
2026-01-05,合肥市,4,0,0,0,0,4,0,0
2026-01-05,宁波市,365,349,0,0,0,275,90,0
2026-01-05,常州市,181,177,0,0,0,26,155,0
2026-01-05,无锡市,97,97,0,0,0,40,57,0
2026-01-05,杭州市,88,51,0,0,0,88,0,0
2026-01-05,武汉市,212,201,0,0,53,17,142,0
2026-01-05,泉州市,43,43,0,0,0,43,0,0
2026-01-05,温州市,180,180,0,0,0,141,39,0
2026-01-05,芜湖市,46,44,0,0,0,14,32,0
2026-01-05,苏州市,640,634,0,0,0,242,397,1
2026-01-05,青岛市,159,159,0,0,0,90,69,0
2026-01-06,上海市,1709,2,2,1,40,1148,427,2
2026-01-06,南京市,299,299,0,0,0,297,2,0
2026-01-06,南通市,75,75,0,0,0,37,38,0
2026-01-06,合肥市,4,0,0,0,0,4,0,0
2026-01-06,宁波市,365,349,0,0,0,275,90,0
2026-01-06,常州市,181,176,0,0,0,26,155,0
2026-01-06,无锡市,97,97,0,0,0,40,57,0
2026-01-06,杭州市,132,51,0,0,0,132,0,0
2026-01-06,武汉市,212,201,0,0,53,17,142,0
2026-01-06,泉州市,43,43,0,0,0,43,0,0
2026-01-06,温州市,180,180,0,0,0,141,39,0
2026-01-06,芜湖市,46,44,0,0,0,14,32,0
2026-01-06,苏州市,640,634,0,0,0,242,397,1
2026-01-06,青岛市,159,159,0,0,0,90,69,0
2026-01-07,上海市,1664,2,2,1,40,1103,427,2
2026-01-07,南京市,300,299,0,0,0,298,2,0
2026-01-07,南通市,75,75,0,0,0,37,38,0
2026-01-07,合肥市,4,0,0,0,0,4,0,0
2026-01-07,宁波市,365,349,0,0,0,275,90,0
2026-01-07,常州市,181,176,0,0,0,26,155,0
2026-01-07,无锡市,97,97,0,0,0,40,57,0
2026-01-07,杭州市,132,51,0,0,0,132,0,0
2026-01-07,武汉市,212,204,0,0,53,17,142,0
2026-01-07,泉州市,87,43,0,0,0,87,0,0
2026-01-07,温州市,180,180,0,0,0,141,39,0
2026-01-07,芜湖市,46,44,0,0,0,14,32,0
2026-01-07,苏州市,640,634,0,0,0,242,397,1
2026-01-07,青岛市,159,159,0,0,0,90,69,0
2026-01-08,上海市,1664,2,2,1,40,1103,427,2
2026-01-08,南京市,300,300,0,0,0,298,2,0
2026-01-08,南通市,75,75,0,0,0,37,38,0
2026-01-08,合肥市,4,0,0,0,0,4,0,0
2026-01-08,宁波市,365,346,0,0,0,275,90,0
2026-01-08,常州市,181,176,0,0,0,26,155,0
2026-01-08,无锡市,97,97,0,0,0,40,57,0
2026-01-08,杭州市,132,52,0,0,0,132,0,0
2026-01-08,武汉市,212,203,0,0,53,17,142,0
2026-01-08,泉州市,87,47,0,0,0,87,0,0
2026-01-08,温州市,180,180,0,0,0,141,39,0
2026-01-08,芜湖市,46,44,0,0,0,14,32,0
2026-01-08,苏州市,640,634,0,0,0,242,397,1
2026-01-08,青岛市,159,159,0,0,0,90,69,0
2026-01-09,上海市,1664,2,2,1,40,1103,427,2
2026-01-09,南京市,300,300,0,0,0,298,2,0
2026-01-09,南通市,75,75,0,0,0,37,38,0
2026-01-09,合肥市,4,0,0,0,0,4,0,0
2026-01-09,宁波市,365,346,0,0,0,275,90,0
2026-01-09,常州市,181,176,0,0,0,26,155,0
2026-01-09,无锡市,97,97,0,0,0,40,57,0
2026-01-09,杭州市,132,52,0,0,0,132,0,0
2026-01-09,武汉市,212,203,0,0,53,17,142,0
2026-01-09,泉州市,87,53,0,0,0,87,0,0
2026-01-09,温州市,180,180,0,0,0,141,39,0
2026-01-09,芜湖市,46,44,0,0,0,14,32,0
2026-01-09,苏州市,640,634,0,0,0,242,397,1
2026-01-09,青岛市,159,159,0,0,0,90,69,0
2026-01-10,上海市,1664,2,2,1,40,1103,427,2
2026-01-10,南京市,300,300,0,0,0,298,2,0
2026-01-10,南通市,75,75,0,0,0,37,38,0
2026-01-10,合肥市,4,0,0,0,0,4,0,0
2026-01-10,宁波市,365,346,0,0,0,275,90,0
2026-01-10,常州市,181,176,0,0,0,26,155,0
2026-01-10,无锡市,97,97,0,0,0,40,57,0
2026-01-10,杭州市,132,52,0,0,0,132,0,0
2026-01-10,武汉市,212,204,0,0,53,17,142,0
2026-01-10,泉州市,87,53,0,0,0,87,0,0
2026-01-10,温州市,180,180,0,0,0,141,39,0
2026-01-10,芜湖市,46,44,0,0,0,14,32,0
2026-01-10,苏州市,640,634,0,0,0,242,397,1
2026-01-10,青岛市,159,159,0,0,0,90,69,0
2026-01-11,上海市,1664,2,2,1,40,1103,427,2
2026-01-11,南京市,300,300,0,0,0,298,2,0
2026-01-11,南通市,75,75,0,0,0,37,38,0
2026-01-11,合肥市,4,0,0,0,0,4,0,0
2026-01-11,宁波市,365,346,0,0,0,275,90,0
2026-01-11,常州市,181,176,0,0,0,26,155,0
2026-01-11,无锡市,97,97,0,0,0,40,57,0
2026-01-11,杭州市,132,52,0,0,0,132,0,0
2026-01-11,武汉市,212,204,0,0,53,17,142,0
2026-01-11,泉州市,87,53,0,0,0,87,0,0
2026-01-11,温州市,180,180,0,0,0,141,39,0
2026-01-11,芜湖市,46,44,0,0,0,14,32,0
2026-01-11,苏州市,640,634,0,0,0,242,397,1
2026-01-11,青岛市,159,159,0,0,0,90,69,0
2026-01-12,上海市,1664,2,2,1,40,1103,427,2
2026-01-12,南京市,300,300,0,0,0,298,2,0
2026-01-12,南通市,75,75,0,0,0,37,38,0
2026-01-12,合肥市,4,0,0,0,0,4,0,0
2026-01-12,宁波市,365,346,0,0,0,275,90,0
2026-01-12,常州市,181,176,0,0,0,26,155,0
2026-01-12,无锡市,97,97,0,0,0,40,57,0
2026-01-12,杭州市,132,53,0,0,0,132,0,0
2026-01-12,武汉市,212,204,0,0,53,17,142,0
2026-01-12,泉州市,87,61,0,0,0,87,0,0
2026-01-12,温州市,180,180,0,0,0,141,39,0
2026-01-12,芜湖市,46,44,0,0,0,14,32,0
2026-01-12,苏州市,640,634,0,0,0,242,397,1
2026-01-12,青岛市,159,159,0,0,0,90,69,0
2026-01-13,上海市,1664,2,2,1,40,1103,427,2
2026-01-13,南京市,300,300,0,0,0,298,2,0
2026-01-13,南通市,75,75,0,0,0,37,38,0
2026-01-13,合肥市,4,0,0,0,0,4,0,0
2026-01-13,宁波市,365,346,0,0,0,275,90,0
2026-01-13,常州市,181,176,0,0,0,26,155,0
2026-01-13,无锡市,97,97,0,0,0,40,57,0
2026-01-13,杭州市,132,53,0,0,0,132,0,0
2026-01-13,武汉市,212,204,0,0,53,17,142,0
2026-01-13,泉州市,87,69,0,0,0,87,0,0
2026-01-13,温州市,180,180,0,0,0,141,39,0
2026-01-13,芜湖市,46,44,0,0,0,14,32,0
2026-01-13,苏州市,640,634,0,0,0,242,397,1
2026-01-13,青岛市,159,159,0,0,0,90,69,0
2026-01-14,上海市,1664,3,2,1,40,1102,428,2
2026-01-14,南京市,300,300,0,0,0,298,2,0
2026-01-14,南通市,75,75,0,0,0,37,38,0
2026-01-14,合肥市,4,0,0,0,0,4,0,0
2026-01-14,宁波市,365,348,0,0,0,275,90,0
2026-01-14,常州市,181,176,0,0,0,26,155,0
2026-01-14,无锡市,97,96,0,0,0,40,57,0
2026-01-14,杭州市,132,56,0,0,0,132,0,0
2026-01-14,武汉市,212,204,0,0,53,17,142,0
2026-01-14,泉州市,87,69,0,0,0,87,0,0
2026-01-14,温州市,180,180,0,0,0,141,39,0
2026-01-14,芜湖市,46,45,0,0,0,14,32,0
2026-01-14,苏州市,640,633,0,0,0,242,397,1
2026-01-14,青岛市,159,159,0,0,0,90,69,0
2026-01-15,上海市,1664,2,2,1,40,1102,428,2
2026-01-15,南京市,300,299,0,0,0,298,2,0
2026-01-15,南通市,75,75,0,0,0,37,38,0
2026-01-15,合肥市,4,0,0,0,0,4,0,0
2026-01-15,宁波市,365,348,0,0,0,275,90,0
2026-01-15,常州市,181,176,0,0,0,26,155,0
2026-01-15,无锡市,97,96,0,0,0,40,57,0
2026-01-15,杭州市,132,58,0,0,0,132,0,0
2026-01-15,武汉市,212,204,0,0,53,17,142,0
2026-01-15,泉州市,87,76,0,0,0,87,0,0
2026-01-15,温州市,180,180,0,0,0,141,39,0
2026-01-15,芜湖市,46,45,0,0,0,14,32,0
2026-01-15,苏州市,640,633,0,0,0,242,397,1
2026-01-15,青岛市,159,159,0,0,0,90,69,0
2026-01-16,上海市,1664,2,2,1,40,1102,428,2
2026-01-16,南京市,300,300,0,0,0,298,2,0
2026-01-16,南通市,75,75,0,0,0,37,38,0
2026-01-16,合肥市,4,0,0,0,0,4,0,0
2026-01-16,宁波市,365,348,0,0,0,275,90,0
2026-01-16,常州市,181,176,0,0,0,26,155,0
2026-01-16,无锡市,97,96,0,0,0,40,57,0
2026-01-16,杭州市,132,73,0,0,0,132,0,0
2026-01-16,武汉市,212,204,0,0,53,17,142,0
2026-01-16,泉州市,87,76,0,0,0,87,0,0
2026-01-16,温州市,180,180,0,0,0,141,39,0
2026-01-16,芜湖市,46,45,0,0,0,14,32,0
2026-01-16,苏州市,640,633,0,0,0,242,397,1
2026-01-16,青岛市,159,159,0,0,0,90,69,0
2026-01-17,上海市,1664,2,2,1,40,1102,428,2
2026-01-17,南京市,300,300,0,0,0,298,2,0
2026-01-17,南通市,75,75,0,0,0,37,38,0
2026-01-17,合肥市,4,0,0,0,0,4,0,0
2026-01-17,宁波市,365,349,0,0,0,275,90,0
2026-01-17,常州市,181,176,0,0,0,26,155,0
2026-01-17,无锡市,97,96,0,0,0,40,57,0
2026-01-17,杭州市,132,75,0,0,0,132,0,0
2026-01-17,武汉市,212,204,0,0,53,17,142,0
2026-01-17,泉州市,87,76,0,0,0,87,0,0
2026-01-17,温州市,180,180,0,0,0,141,39,0
2026-01-17,芜湖市,46,45,0,0,0,14,32,0
2026-01-17,苏州市,640,633,0,0,0,242,397,1
2026-01-17,青岛市,159,159,0,0,0,90,69,0
2026-01-18,上海市,1664,2,2,1,40,1102,428,2
2026-01-18,南京市,300,300,0,0,0,298,2,0
2026-01-18,南通市,75,75,0,0,0,37,38,0
2026-01-18,合肥市,4,0,0,0,0,4,0,0
2026-01-18,宁波市,365,349,0,0,0,275,90,0
2026-01-18,常州市,181,176,0,0,0,26,155,0
2026-01-18,无锡市,97,96,0,0,0,40,57,0
2026-01-18,杭州市,132,75,0,0,0,132,0,0
2026-01-18,武汉市,212,204,0,0,53,17,142,0
2026-01-18,泉州市,87,82,0,0,0,87,0,0
2026-01-18,温州市,180,180,0,0,0,141,39,0
2026-01-18,芜湖市,46,45,0,0,0,14,32,0
2026-01-18,苏州市,640,633,0,0,0,242,397,1
2026-01-18,青岛市,159,159,0,0,0,90,69,0
2026-01-19,上海市,1664,2,2,1,40,1102,428,2
2026-01-19,南京市,300,300,0,0,0,298,2,0
2026-01-19,南通市,75,75,0,0,0,37,38,0
2026-01-19,合肥市,4,0,0,0,0,4,0,0
2026-01-19,宁波市,365,349,0,0,0,275,90,0
2026-01-19,常州市,181,176,0,0,0,26,155,0
2026-01-19,无锡市,97,96,0,0,0,40,57,0
2026-01-19,杭州市,132,75,0,0,0,132,0,0
2026-01-19,武汉市,212,204,0,0,53,17,142,0
2026-01-19,泉州市,87,87,0,0,0,87,0,0
2026-01-19,温州市,180,180,0,0,0,141,39,0
2026-01-19,芜湖市,46,45,0,0,0,14,32,0
2026-01-19,苏州市,640,632,0,0,0,242,397,1
2026-01-19,青岛市,159,159,0,0,0,90,69,0
2026-01-20,上海市,1664,2,2,1,40,1102,428,2
2026-01-20,南京市,300,300,0,0,0,298,2,0
2026-01-20,南通市,75,75,0,0,0,37,38,0
2026-01-20,合肥市,4,0,0,0,0,4,0,0
2026-01-20,宁波市,365,349,0,0,0,275,90,0
2026-01-20,常州市,181,176,0,0,0,26,155,0
2026-01-20,无锡市,97,97,0,0,0,40,57,0
2026-01-20,杭州市,132,77,0,0,0,132,0,0
2026-01-20,武汉市,212,201,0,0,53,17,142,0
2026-01-20,泉州市,87,87,0,0,0,87,0,0
2026-01-20,温州市,180,180,0,0,0,141,39,0
2026-01-20,芜湖市,46,45,0,0,0,14,32,0
2026-01-20,苏州市,640,632,0,0,0,242,397,1
2026-01-20,青岛市,159,159,0,0,0,90,69,0
2026-01-21,上海市,1665,2,2,1,40,1102,429,2
2026-01-21,南京市,300,300,0,0,0,298,2,0
2026-01-21,南通市,75,75,0,0,0,37,38,0
2026-01-21,合肥市,4,0,0,0,0,4,0,0
2026-01-21,宁波市,365,350,0,0,0,275,90,0
2026-01-21,常州市,181,176,0,0,0,26,155,0
2026-01-21,无锡市,97,97,0,0,0,40,57,0
2026-01-21,杭州市,132,79,0,0,0,132,0,0
2026-01-21,武汉市,211,200,0,0,53,17,141,0
2026-01-21,泉州市,87,87,0,0,0,87,0,0
2026-01-21,温州市,180,180,0,0,0,141,39,0
2026-01-21,芜湖市,46,45,0,0,0,14,32,0
2026-01-21,苏州市,640,632,0,0,0,242,397,1
2026-01-21,青岛市,159,159,0,0,0,90,69,0
2026-01-22,上海市,1665,2,2,1,40,1102,429,2
2026-01-22,南京市,300,300,0,0,0,298,2,0
2026-01-22,南通市,75,75,0,0,0,37,38,0
2026-01-22,合肥市,4,0,0,0,0,4,0,0
2026-01-22,宁波市,365,352,0,0,0,275,90,0
2026-01-22,常州市,181,176,0,0,0,26,155,0
2026-01-22,无锡市,97,97,0,0,0,40,57,0
2026-01-22,杭州市,132,81,0,0,0,132,0,0
2026-01-22,武汉市,211,200,0,0,53,17,141,0
2026-01-22,泉州市,87,87,0,0,0,87,0,0
2026-01-22,温州市,180,180,0,0,0,141,39,0
2026-01-22,芜湖市,46,45,0,0,0,14,32,0
2026-01-22,苏州市,640,632,0,0,0,242,397,1
2026-01-22,青岛市,159,159,0,0,0,90,69,0
2026-01-23,上海市,1624,2,2,1,40,1061,429,2
2026-01-23,南京市,300,300,0,0,0,298,2,0
2026-01-23,南通市,75,75,0,0,0,37,38,0
2026-01-23,合肥市,4,0,0,0,0,4,0,0
2026-01-23,宁波市,365,354,0,0,0,275,90,0
2026-01-23,常州市,181,176,0,0,0,26,155,0
2026-01-23,无锡市,97,97,0,0,0,40,57,0
2026-01-23,杭州市,132,81,0,0,0,132,0,0
2026-01-23,武汉市,211,200,0,0,53,17,141,0
2026-01-23,泉州市,87,87,0,0,0,87,0,0
2026-01-23,温州市,180,180,0,0,0,141,39,0
2026-01-23,芜湖市,46,45,0,0,0,14,32,0
2026-01-23,苏州市,640,632,0,0,0,242,397,1
2026-01-23,郑州市,41,0,0,0,0,41,0,0
2026-01-23,青岛市,159,159,0,0,0,90,69,0
2026-01-24,上海市,1624,2,2,1,40,1061,429,2
2026-01-24,南京市,300,300,0,0,0,298,2,0
2026-01-24,南通市,75,75,0,0,0,37,38,0
2026-01-24,合肥市,4,0,0,0,0,4,0,0
2026-01-24,宁波市,365,357,0,0,0,275,90,0
2026-01-24,常州市,181,176,0,0,0,26,155,0
2026-01-24,无锡市,97,97,0,0,0,40,57,0
2026-01-24,杭州市,132,81,0,0,0,132,0,0
2026-01-24,武汉市,211,201,0,0,53,17,141,0
2026-01-24,泉州市,87,87,0,0,0,87,0,0
2026-01-24,温州市,180,180,0,0,0,141,39,0
2026-01-24,芜湖市,46,45,0,0,0,14,32,0
2026-01-24,苏州市,640,632,0,0,0,242,397,1
2026-01-24,郑州市,41,0,0,0,0,41,0,0
2026-01-24,青岛市,159,159,0,0,0,90,69,0
2026-01-25,上海市,1624,2,2,1,40,1061,429,2
2026-01-25,南京市,300,300,0,0,0,298,2,0
2026-01-25,南通市,75,75,0,0,0,37,38,0
2026-01-25,合肥市,4,0,0,0,0,4,0,0
2026-01-25,宁波市,365,358,0,0,0,275,90,0
2026-01-25,常州市,181,176,0,0,0,26,155,0
2026-01-25,无锡市,97,97,0,0,0,40,57,0
2026-01-25,杭州市,132,87,0,0,0,132,0,0
2026-01-25,武汉市,211,201,0,0,53,17,141,0
2026-01-25,泉州市,87,87,0,0,0,87,0,0
2026-01-25,温州市,180,180,0,0,0,141,39,0
2026-01-25,芜湖市,46,45,0,0,0,14,32,0
2026-01-25,苏州市,640,632,0,0,0,242,397,1
2026-01-25,郑州市,41,0,0,0,0,41,0,0
2026-01-25,青岛市,159,159,0,0,0,90,69,0
2026-01-26,上海市,1624,2,2,1,40,1061,429,2
2026-01-26,南京市,300,300,0,0,0,298,2,0
2026-01-26,南通市,75,75,0,0,0,37,38,0
2026-01-26,合肥市,4,0,0,0,0,4,0,0
2026-01-26,宁波市,365,358,0,0,0,275,90,0
2026-01-26,常州市,181,176,0,0,0,26,155,0
2026-01-26,无锡市,97,97,0,0,0,40,57,0
2026-01-26,杭州市,132,87,0,0,0,132,0,0
2026-01-26,武汉市,211,201,0,0,53,17,141,0
2026-01-26,泉州市,87,87,0,0,0,87,0,0
2026-01-26,温州市,180,180,0,0,0,141,39,0
2026-01-26,芜湖市,46,45,0,0,0,14,32,0
2026-01-26,苏州市,640,632,0,0,0,242,397,1
2026-01-26,郑州市,41,0,0,0,0,41,0,0
2026-01-26,青岛市,159,159,0,0,0,90,69,0
2026-01-27,上海市,1583,2,2,1,40,1020,429,2
2026-01-27,南京市,300,300,0,0,0,298,2,0
2026-01-27,南通市,75,75,0,0,0,37,38,0
2026-01-27,合肥市,4,0,0,0,0,4,0,0
2026-01-27,宁波市,365,358,0,0,0,275,90,0
2026-01-27,常州市,181,176,0,0,0,26,155,0
2026-01-27,无锡市,97,97,0,0,0,40,57,0
2026-01-27,杭州市,132,88,0,0,0,132,0,0
2026-01-27,武汉市,211,200,0,0,53,17,141,0
2026-01-27,泉州市,87,87,0,0,0,87,0,0
2026-01-27,温州市,180,180,0,0,0,141,39,0
2026-01-27,芜湖市,46,45,0,0,0,14,32,0
2026-01-27,苏州市,640,632,0,0,0,242,397,1
2026-01-27,郑州市,82,1,0,0,0,82,0,0
2026-01-27,青岛市,159,159,0,0,0,90,69,0
2026-01-28,上海市,1558,2,2,1,40,1008,416,2
2026-01-28,南京市,300,300,0,0,0,298,2,0
2026-01-28,南通市,75,75,0,0,0,37,38,0
2026-01-28,合肥市,4,0,0,0,0,4,0,0
2026-01-28,宁波市,365,358,0,0,0,275,90,0
2026-01-28,常州市,181,176,0,0,0,26,155,0
2026-01-28,无锡市,97,97,0,0,0,40,57,0
2026-01-28,杭州市,147,88,0,0,0,144,3,0
2026-01-28,武汉市,221,200,0,0,53,17,151,0
2026-01-28,泉州市,87,87,0,0,0,87,0,0
2026-01-28,温州市,180,180,0,0,0,141,39,0
2026-01-28,芜湖市,46,45,0,0,0,14,32,0
2026-01-28,苏州市,640,631,0,0,0,242,397,1
2026-01-28,郑州市,82,1,0,0,0,82,0,0
2026-01-28,青岛市,159,159,0,0,0,90,69,0
2026-01-29,上海市,1557,2,2,1,40,1008,415,2
2026-01-29,南京市,300,300,0,0,0,298,2,0
2026-01-29,南通市,75,75,0,0,0,37,38,0
2026-01-29,合肥市,4,0,0,0,0,4,0,0
2026-01-29,宁波市,371,358,0,0,0,275,96,0
2026-01-29,常州市,181,176,0,0,0,26,155,0
2026-01-29,无锡市,97,97,0,0,0,40,57,0
2026-01-29,杭州市,147,90,0,0,0,144,3,0
2026-01-29,武汉市,216,199,0,0,53,17,146,0
2026-01-29,泉州市,87,87,0,0,0,87,0,0
2026-01-29,温州市,180,180,0,0,0,141,39,0
2026-01-29,芜湖市,46,45,0,0,0,14,32,0
2026-01-29,苏州市,640,631,0,0,0,242,397,1
2026-01-29,郑州市,82,1,0,0,0,82,0,0
2026-01-29,青岛市,159,159,0,0,0,90,69,0
2026-01-30,上海市,1568,2,2,1,40,1019,415,2
2026-01-30,南京市,300,300,0,0,0,298,2,0
2026-01-30,南通市,75,75,0,0,0,37,38,0
2026-01-30,合肥市,4,0,0,0,0,4,0,0
2026-01-30,宁波市,360,348,0,0,0,264,96,0
2026-01-30,常州市,181,176,0,0,0,26,155,0
2026-01-30,无锡市,97,97,0,0,0,40,57,0
2026-01-30,杭州市,147,95,0,0,0,144,3,0
2026-01-30,武汉市,216,199,0,0,53,17,146,0
2026-01-30,泉州市,87,87,0,0,0,87,0,0
2026-01-30,温州市,180,180,0,0,0,141,39,0
2026-01-30,芜湖市,46,45,0,0,0,14,32,0
2026-01-30,苏州市,640,631,0,0,0,242,397,1
2026-01-30,郑州市,82,1,0,0,0,82,0,0
2026-01-30,青岛市,159,159,0,0,0,90,69,0
2026-01-31,上海市,1527,2,2,1,40,978,415,2
2026-01-31,南京市,300,300,0,0,0,298,2,0
2026-01-31,南通市,75,75,0,0,0,37,38,0
2026-01-31,合肥市,4,0,0,0,0,4,0,0
2026-01-31,宁波市,360,348,0,0,0,264,96,0
2026-01-31,常州市,181,176,0,0,0,26,155,0
2026-01-31,无锡市,97,97,0,0,0,40,57,0
2026-01-31,杭州市,188,95,0,0,0,185,3,0
2026-01-31,武汉市,216,199,0,0,53,17,146,0
2026-01-31,泉州市,87,87,0,0,0,87,0,0
2026-01-31,温州市,180,180,0,0,0,141,39,0
2026-01-31,芜湖市,46,45,0,0,0,14,32,0
2026-01-31,苏州市,640,631,0,0,0,242,397,1
2026-01-31,郑州市,82,1,0,0,0,82,0,0
2026-01-31,青岛市,159,159,0,0,0,90,69,0
2026-02-01,上海市,1537,2,2,1,40,978,425,2
2026-02-01,南京市,300,300,0,0,0,298,2,0
2026-02-01,南通市,75,75,0,0,0,37,38,0
2026-02-01,合肥市,4,0,0,0,0,4,0,0
2026-02-01,宁波市,360,348,0,0,0,264,96,0
2026-02-01,常州市,181,176,0,0,0,26,155,0
2026-02-01,无锡市,97,97,0,0,0,40,57,0
2026-02-01,杭州市,188,109,0,0,0,185,3,0
2026-02-01,武汉市,216,199,0,0,53,17,146,0
2026-02-01,泉州市,87,87,0,0,0,87,0,0
2026-02-01,温州市,180,180,0,0,0,141,39,0
2026-02-01,芜湖市,46,45,0,0,0,14,32,0
2026-02-01,苏州市,630,626,0,0,0,242,387,1
2026-02-01,郑州市,82,1,0,0,0,82,0,0
2026-02-01,青岛市,159,159,0,0,0,90,69,0
2026-02-02,上海市,1537,2,2,1,40,978,425,2
2026-02-02,南京市,300,300,0,0,0,298,2,0
2026-02-02,南通市,75,75,0,0,0,37,38,0
2026-02-02,合肥市,4,0,0,0,0,4,0,0
2026-02-02,宁波市,360,348,0,0,0,264,96,0
2026-02-02,常州市,181,176,0,0,0,26,155,0
2026-02-02,无锡市,97,97,0,0,0,40,57,0
2026-02-02,杭州市,188,114,0,0,0,185,3,0
2026-02-02,武汉市,216,199,0,0,53,17,146,0
2026-02-02,泉州市,87,87,0,0,0,87,0,0
2026-02-02,温州市,180,180,0,0,0,141,39,0
2026-02-02,芜湖市,46,45,0,0,0,14,32,0
2026-02-02,苏州市,630,626,0,0,0,242,387,1
2026-02-02,郑州市,82,1,0,0,0,82,0,0
2026-02-02,青岛市,159,159,0,0,0,90,69,0
2026-02-03,上海市,1537,2,2,1,40,978,425,2
2026-02-03,南京市,300,300,0,0,0,298,2,0
2026-02-03,南通市,75,75,0,0,0,37,38,0
2026-02-03,台州市,38,37,0,0,0,30,8,0
2026-02-03,合肥市,4,0,0,0,0,4,0,0
2026-02-03,宁波市,360,348,0,0,0,264,96,0
2026-02-03,常州市,181,176,0,0,0,26,155,0
2026-02-03,无锡市,97,97,0,0,0,40,57,0
2026-02-03,杭州市,188,116,0,0,0,185,3,0
2026-02-03,武汉市,216,200,0,0,53,17,146,0
2026-02-03,泉州市,87,87,0,0,0,87,0,0
2026-02-03,温州市,142,142,0,0,0,111,31,0
2026-02-03,芜湖市,46,45,0,0,0,14,32,0
2026-02-03,苏州市,630,626,0,0,0,242,387,1
2026-02-03,郑州市,82,1,0,0,0,82,0,0
2026-02-03,青岛市,159,159,0,0,0,90,69,0
2026-02-04,上海市,1536,2,2,1,40,978,424,2
2026-02-04,南京市,301,300,0,0,0,298,3,0
2026-02-04,南通市,75,75,0,0,0,37,38,0
2026-02-04,台州市,38,38,0,0,0,30,8,0
2026-02-04,合肥市,4,0,0,0,0,4,0,0
2026-02-04,宁波市,360,348,0,0,0,264,96,0
2026-02-04,常州市,181,176,0,0,0,26,155,0
2026-02-04,无锡市,97,97,0,0,0,40,57,0
2026-02-04,杭州市,188,116,0,0,0,185,3,0
2026-02-04,武汉市,216,200,0,0,53,17,146,0
2026-02-04,泉州市,87,87,0,0,0,87,0,0
2026-02-04,温州市,142,142,0,0,0,111,31,0
2026-02-04,芜湖市,46,45,0,0,0,14,32,0
2026-02-04,苏州市,630,626,0,0,0,242,387,1
2026-02-04,郑州市,82,1,0,0,0,82,0,0
2026-02-04,青岛市,159,159,0,0,0,90,69,0
2026-02-05,上海市,1536,2,2,1,40,978,424,2
2026-02-05,南京市,301,300,0,0,0,298,3,0
2026-02-05,南通市,75,75,0,0,0,37,38,0
2026-02-05,台州市,38,38,0,0,0,30,8,0
2026-02-05,合肥市,4,0,0,0,0,4,0,0
2026-02-05,宁波市,360,348,0,0,0,264,96,0
2026-02-05,常州市,181,176,0,0,0,26,155,0
2026-02-05,无锡市,97,97,0,0,0,40,57,0
2026-02-05,杭州市,188,117,0,0,0,185,3,0
2026-02-05,武汉市,216,199,0,0,53,17,146,0
2026-02-05,泉州市,87,87,0,0,0,87,0,0
2026-02-05,温州市,142,142,0,0,0,111,31,0
2026-02-05,芜湖市,46,45,0,0,0,14,32,0
2026-02-05,苏州市,630,626,0,0,0,242,387,1
2026-02-05,郑州市,82,1,0,0,0,82,0,0
2026-02-05,青岛市,159,159,0,0,0,90,69,0
2026-02-06,上海市,1495,2,2,1,40,937,424,2
2026-02-06,南京市,301,301,0,0,0,298,3,0
2026-02-06,南通市,75,75,0,0,0,37,38,0
2026-02-06,台州市,38,38,0,0,0,30,8,0
2026-02-06,合肥市,4,0,0,0,0,4,0,0
2026-02-06,宁波市,360,350,0,0,0,264,96,0
2026-02-06,常州市,181,178,0,0,0,26,155,0
2026-02-06,无锡市,97,97,0,0,0,40,57,0
2026-02-06,杭州市,188,123,0,0,0,185,3,0
2026-02-06,武汉市,216,199,0,0,53,17,146,0
2026-02-06,泉州市,87,87,0,0,0,87,0,0
2026-02-06,温州市,142,142,0,0,0,111,31,0
2026-02-06,芜湖市,46,45,0,0,0,14,32,0
2026-02-06,苏州市,630,626,0,0,0,242,387,1
2026-02-06,西安市,41,0,0,0,0,41,0,0
2026-02-06,郑州市,82,1,0,0,0,82,0,0
2026-02-06,青岛市,159,159,0,0,0,90,69,0
2026-02-07,上海市,1495,2,2,1,40,937,424,2
2026-02-07,南京市,301,301,0,0,0,298,3,0
2026-02-07,南通市,75,75,0,0,0,37,38,0
2026-02-07,台州市,38,38,0,0,0,30,8,0
2026-02-07,合肥市,4,0,0,0,0,4,0,0
2026-02-07,宁波市,360,352,0,0,0,264,96,0
2026-02-07,常州市,181,178,0,0,0,26,155,0
2026-02-07,无锡市,97,97,0,0,0,40,57,0
2026-02-07,杭州市,188,128,0,0,0,185,3,0
2026-02-07,武汉市,216,199,0,0,53,17,146,0
2026-02-07,泉州市,87,87,0,0,0,87,0,0
2026-02-07,温州市,142,142,0,0,0,111,31,0
2026-02-07,芜湖市,46,45,0,0,0,14,32,0
2026-02-07,苏州市,630,626,0,0,0,242,387,1
2026-02-07,西安市,41,0,0,0,0,41,0,0
2026-02-07,郑州市,82,1,0,0,0,82,0,0
2026-02-07,青岛市,159,159,0,0,0,90,69,0
2026-02-08,上海市,1495,2,2,1,40,937,424,2
2026-02-08,南京市,301,301,0,0,0,298,3,0
2026-02-08,南通市,75,75,0,0,0,37,38,0
2026-02-08,台州市,38,38,0,0,0,30,8,0
2026-02-08,合肥市,4,0,0,0,0,4,0,0
2026-02-08,宁波市,360,352,0,0,0,264,96,0
2026-02-08,常州市,181,178,0,0,0,26,155,0
2026-02-08,无锡市,97,97,0,0,0,40,57,0
2026-02-08,杭州市,188,128,0,0,0,185,3,0
2026-02-08,武汉市,216,200,0,0,53,17,146,0
2026-02-08,泉州市,87,87,0,0,0,87,0,0
2026-02-08,温州市,142,142,0,0,0,111,31,0
2026-02-08,芜湖市,46,45,0,0,0,14,32,0
2026-02-08,苏州市,630,626,0,0,0,242,387,1
2026-02-08,西安市,41,0,0,0,0,41,0,0
2026-02-08,郑州市,82,1,0,0,0,82,0,0
2026-02-08,青岛市,159,159,0,0,0,90,69,0
2026-02-09,上海市,1495,2,2,1,40,937,424,2
2026-02-09,南京市,301,301,0,0,0,298,3,0
2026-02-09,南通市,75,75,0,0,0,37,38,0
2026-02-09,台州市,38,38,0,0,0,30,8,0
2026-02-09,合肥市,4,0,0,0,0,4,0,0
2026-02-09,宁波市,360,352,0,0,0,264,96,0
2026-02-09,常州市,181,178,0,0,0,26,155,0
2026-02-09,无锡市,97,97,0,0,0,40,57,0
2026-02-09,杭州市,188,131,0,0,0,185,3,0
2026-02-09,武汉市,216,203,0,0,53,17,146,0
2026-02-09,泉州市,87,87,0,0,0,87,0,0
2026-02-09,温州市,142,142,0,0,0,111,31,0
2026-02-09,芜湖市,46,45,0,0,0,14,32,0
2026-02-09,苏州市,630,626,0,0,0,242,387,1
2026-02-09,西安市,41,0,0,0,0,41,0,0
2026-02-09,郑州市,82,1,0,0,0,82,0,0
2026-02-09,青岛市,159,159,0,0,0,90,69,0
2026-02-10,上海市,1495,2,2,1,40,937,424,2
2026-02-10,南京市,301,301,0,0,0,298,3,0
2026-02-10,南通市,75,75,0,0,0,37,38,0
2026-02-10,台州市,38,38,0,0,0,30,8,0
2026-02-10,合肥市,4,0,0,0,0,4,0,0
2026-02-10,宁波市,360,355,0,0,0,264,96,0
2026-02-10,常州市,181,178,0,0,0,26,155,0
2026-02-10,无锡市,97,97,0,0,0,40,57,0
2026-02-10,杭州市,188,137,0,0,0,185,3,0
2026-02-10,武汉市,216,205,0,0,53,17,146,0
2026-02-10,泉州市,87,87,0,0,0,87,0,0
2026-02-10,温州市,142,142,0,0,0,111,31,0
2026-02-10,芜湖市,46,45,0,0,0,14,32,0
2026-02-10,苏州市,630,626,0,0,0,242,387,1
2026-02-10,西安市,41,11,0,0,0,41,0,0
2026-02-10,郑州市,82,1,0,0,0,82,0,0
2026-02-10,青岛市,159,159,0,0,0,90,69,0
2026-02-11,上海市,1495,2,2,1,40,937,424,2
2026-02-11,南京市,301,301,0,0,0,298,3,0
2026-02-11,南通市,75,75,0,0,0,37,38,0
2026-02-11,台州市,38,38,0,0,0,30,8,0
2026-02-11,合肥市,4,0,0,0,0,4,0,0
2026-02-11,宁波市,360,355,0,0,0,264,96,0
2026-02-11,常州市,181,178,0,0,0,26,155,0
2026-02-11,无锡市,97,97,0,0,0,40,57,0
2026-02-11,杭州市,188,140,0,0,0,185,3,0
2026-02-11,武汉市,216,205,0,0,53,17,146,0
2026-02-11,泉州市,87,87,0,0,0,87,0,0
2026-02-11,温州市,142,142,0,0,0,111,31,0
2026-02-11,芜湖市,46,45,0,0,0,14,32,0
2026-02-11,苏州市,630,626,0,0,0,242,387,1
2026-02-11,西安市,41,11,0,0,0,41,0,0
2026-02-11,郑州市,82,1,0,0,0,82,0,0
2026-02-11,青岛市,159,159,0,0,0,90,69,0
2026-02-12,上海市,1495,2,2,1,40,937,424,2
2026-02-12,南京市,301,301,0,0,0,298,3,0
2026-02-12,南通市,75,75,0,0,0,37,38,0
2026-02-12,台州市,38,38,0,0,0,30,8,0
2026-02-12,合肥市,4,0,0,0,0,4,0,0
2026-02-12,宁波市,360,355,0,0,0,264,96,0
2026-02-12,常州市,181,178,0,0,0,26,155,0
2026-02-12,无锡市,97,97,0,0,0,40,57,0
2026-02-12,杭州市,188,140,0,0,0,185,3,0
2026-02-12,武汉市,216,205,0,0,53,17,146,0
2026-02-12,泉州市,87,87,0,0,0,87,0,0
2026-02-12,温州市,142,142,0,0,0,111,31,0
2026-02-12,芜湖市,46,45,0,0,0,14,32,0
2026-02-12,苏州市,630,626,0,0,0,242,387,1
2026-02-12,西安市,41,11,0,0,0,41,0,0
2026-02-12,郑州市,82,1,0,0,0,82,0,0
2026-02-12,青岛市,159,159,0,0,0,90,69,0
2026-02-13,上海市,1495,2,2,1,40,937,424,2
2026-02-13,南京市,301,301,0,0,0,298,3,0
2026-02-13,南通市,75,75,0,0,0,37,38,0
2026-02-13,台州市,38,38,0,0,0,30,8,0
2026-02-13,合肥市,4,0,0,0,0,4,0,0
2026-02-13,宁波市,360,355,0,0,0,264,96,0
2026-02-13,常州市,181,178,0,0,0,26,155,0
2026-02-13,无锡市,97,97,0,0,0,40,57,0
2026-02-13,杭州市,188,140,0,0,0,185,3,0
2026-02-13,武汉市,216,205,0,0,53,17,146,0
2026-02-13,泉州市,87,87,0,0,0,87,0,0
2026-02-13,温州市,142,142,0,0,0,111,31,0
2026-02-13,芜湖市,46,45,0,0,0,14,32,0
2026-02-13,苏州市,630,626,0,0,0,242,387,1
2026-02-13,西安市,41,11,0,0,0,41,0,0
2026-02-13,郑州市,82,1,0,0,0,82,0,0
2026-02-13,青岛市,159,159,0,0,0,90,69,0
2026-02-14,上海市,1495,2,2,1,40,937,424,2
2026-02-14,南京市,301,301,0,0,0,298,3,0
2026-02-14,南通市,75,75,0,0,0,37,38,0
2026-02-14,台州市,38,38,0,0,0,30,8,0
2026-02-14,合肥市,4,0,0,0,0,4,0,0
2026-02-14,宁波市,360,355,0,0,0,264,96,0
2026-02-14,常州市,181,178,0,0,0,26,155,0
2026-02-14,无锡市,97,97,0,0,0,40,57,0
2026-02-14,杭州市,188,140,0,0,0,185,3,0
2026-02-14,武汉市,216,205,0,0,53,17,146,0
2026-02-14,泉州市,87,87,0,0,0,87,0,0
2026-02-14,温州市,142,142,0,0,0,111,31,0
2026-02-14,芜湖市,46,45,0,0,0,14,32,0
2026-02-14,苏州市,630,626,0,0,0,242,387,1
2026-02-14,西安市,41,27,0,0,0,41,0,0
2026-02-14,郑州市,82,1,0,0,0,82,0,0
2026-02-14,青岛市,159,159,0,0,0,90,69,0
2026-02-15,上海市,1495,2,2,1,40,937,424,2
2026-02-15,南京市,301,301,0,0,0,298,3,0
2026-02-15,南通市,75,75,0,0,0,37,38,0
2026-02-15,台州市,38,38,0,0,0,30,8,0
2026-02-15,合肥市,4,0,0,0,0,4,0,0
2026-02-15,宁波市,360,355,0,0,0,264,96,0
2026-02-15,常州市,181,178,0,0,0,26,155,0
2026-02-15,无锡市,97,97,0,0,0,40,57,0
2026-02-15,杭州市,188,140,0,0,0,185,3,0
2026-02-15,武汉市,216,205,0,0,53,17,146,0
2026-02-15,泉州市,87,87,0,0,0,87,0,0
2026-02-15,温州市,142,142,0,0,0,111,31,0
2026-02-15,芜湖市,46,45,0,0,0,14,32,0
2026-02-15,苏州市,630,626,0,0,0,242,387,1
2026-02-15,西安市,41,27,0,0,0,41,0,0
2026-02-15,郑州市,82,1,0,0,0,82,0,0
2026-02-15,青岛市,159,159,0,0,0,90,69,0
2026-02-16,上海市,1495,2,2,1,40,937,424,2
2026-02-16,南京市,301,301,0,0,0,298,3,0
2026-02-16,南通市,75,75,0,0,0,37,38,0
2026-02-16,台州市,38,38,0,0,0,30,8,0
2026-02-16,合肥市,4,0,0,0,0,4,0,0
2026-02-16,宁波市,360,355,0,0,0,264,96,0
2026-02-16,常州市,181,178,0,0,0,26,155,0
2026-02-16,无锡市,97,97,0,0,0,40,57,0
2026-02-16,杭州市,188,140,0,0,0,185,3,0
2026-02-16,武汉市,216,205,0,0,53,17,146,0
2026-02-16,泉州市,87,87,0,0,0,87,0,0
2026-02-16,温州市,142,142,0,0,0,111,31,0
2026-02-16,芜湖市,46,45,0,0,0,14,32,0
2026-02-16,苏州市,630,626,0,0,0,242,387,1
2026-02-16,西安市,41,27,0,0,0,41,0,0
2026-02-16,郑州市,82,1,0,0,0,82,0,0
2026-02-16,青岛市,159,159,0,0,0,90,69,0
2026-02-17,上海市,1495,2,2,1,40,937,424,2
2026-02-17,南京市,301,301,0,0,0,298,3,0
2026-02-17,南通市,75,75,0,0,0,37,38,0
2026-02-17,台州市,38,38,0,0,0,30,8,0
2026-02-17,合肥市,4,0,0,0,0,4,0,0
2026-02-17,宁波市,360,355,0,0,0,264,96,0
2026-02-17,常州市,181,178,0,0,0,26,155,0
2026-02-17,无锡市,97,97,0,0,0,40,57,0
2026-02-17,杭州市,188,140,0,0,0,185,3,0
2026-02-17,武汉市,216,205,0,0,53,17,146,0
2026-02-17,泉州市,87,87,0,0,0,87,0,0
2026-02-17,温州市,142,142,0,0,0,111,31,0
2026-02-17,芜湖市,46,45,0,0,0,14,32,0
2026-02-17,苏州市,630,626,0,0,0,242,387,1
2026-02-17,西安市,41,27,0,0,0,41,0,0
2026-02-17,郑州市,82,1,0,0,0,82,0,0
2026-02-17,青岛市,159,159,0,0,0,90,69,0
2026-02-18,上海市,1495,2,2,1,40,937,424,2
2026-02-18,南京市,301,301,0,0,0,298,3,0
2026-02-18,南通市,75,75,0,0,0,37,38,0
2026-02-18,台州市,38,38,0,0,0,30,8,0
2026-02-18,合肥市,4,0,0,0,0,4,0,0
2026-02-18,宁波市,360,355,0,0,0,264,96,0
2026-02-18,常州市,181,178,0,0,0,26,155,0
2026-02-18,无锡市,97,97,0,0,0,40,57,0
2026-02-18,杭州市,188,140,0,0,0,185,3,0
2026-02-18,武汉市,216,205,0,0,53,17,146,0
2026-02-18,泉州市,87,87,0,0,0,87,0,0
2026-02-18,温州市,142,142,0,0,0,111,31,0
2026-02-18,芜湖市,46,45,0,0,0,14,32,0
2026-02-18,苏州市,630,626,0,0,0,242,387,1
2026-02-18,西安市,41,27,0,0,0,41,0,0
2026-02-18,郑州市,82,1,0,0,0,82,0,0
2026-02-18,青岛市,159,159,0,0,0,90,69,0
2026-02-19,上海市,1495,2,2,1,40,937,424,2
2026-02-19,南京市,301,301,0,0,0,298,3,0
2026-02-19,南通市,75,75,0,0,0,37,38,0
2026-02-19,台州市,38,38,0,0,0,30,8,0
2026-02-19,合肥市,4,0,0,0,0,4,0,0
2026-02-19,宁波市,360,355,0,0,0,264,96,0
2026-02-19,常州市,181,178,0,0,0,26,155,0
2026-02-19,无锡市,97,97,0,0,0,40,57,0
2026-02-19,杭州市,188,140,0,0,0,185,3,0
2026-02-19,武汉市,216,205,0,0,53,17,146,0
2026-02-19,泉州市,87,87,0,0,0,87,0,0
2026-02-19,温州市,142,142,0,0,0,111,31,0
2026-02-19,芜湖市,46,45,0,0,0,14,32,0
2026-02-19,苏州市,630,626,0,0,0,242,387,1
2026-02-19,西安市,41,27,0,0,0,41,0,0
2026-02-19,郑州市,82,1,0,0,0,82,0,0
2026-02-19,青岛市,159,159,0,0,0,90,69,0
2026-02-20,上海市,1495,2,2,1,40,937,424,2
2026-02-20,南京市,301,301,0,0,0,298,3,0
2026-02-20,南通市,75,75,0,0,0,37,38,0
2026-02-20,台州市,38,38,0,0,0,30,8,0
2026-02-20,合肥市,4,0,0,0,0,4,0,0
2026-02-20,宁波市,360,355,0,0,0,264,96,0
2026-02-20,常州市,181,178,0,0,0,26,155,0
2026-02-20,无锡市,97,97,0,0,0,40,57,0
2026-02-20,杭州市,188,140,0,0,0,185,3,0
2026-02-20,武汉市,216,205,0,0,53,17,146,0
2026-02-20,泉州市,87,87,0,0,0,87,0,0
2026-02-20,温州市,142,142,0,0,0,111,31,0
2026-02-20,芜湖市,46,45,0,0,0,14,32,0
2026-02-20,苏州市,630,626,0,0,0,242,387,1
2026-02-20,西安市,41,27,0,0,0,41,0,0
2026-02-20,郑州市,82,1,0,0,0,82,0,0
2026-02-20,青岛市,159,159,0,0,0,90,69,0
2026-02-21,上海市,1495,2,2,1,40,937,424,2
2026-02-21,南京市,301,301,0,0,0,298,3,0
2026-02-21,南通市,75,75,0,0,0,37,38,0
2026-02-21,台州市,38,38,0,0,0,30,8,0
2026-02-21,合肥市,4,0,0,0,0,4,0,0
2026-02-21,宁波市,360,355,0,0,0,264,96,0
2026-02-21,常州市,181,178,0,0,0,26,155,0
2026-02-21,无锡市,97,97,0,0,0,40,57,0
2026-02-21,杭州市,188,140,0,0,0,185,3,0
2026-02-21,武汉市,216,205,0,0,53,17,146,0
2026-02-21,泉州市,87,87,0,0,0,87,0,0
2026-02-21,温州市,142,142,0,0,0,111,31,0
2026-02-21,芜湖市,46,45,0,0,0,14,32,0
2026-02-21,苏州市,630,626,0,0,0,242,387,1
2026-02-21,西安市,41,27,0,0,0,41,0,0
2026-02-21,郑州市,82,1,0,0,0,82,0,0
2026-02-21,青岛市,159,159,0,0,0,90,69,0
2026-02-22,上海市,1495,2,2,1,40,937,424,2
2026-02-22,南京市,301,301,0,0,0,298,3,0
2026-02-22,南通市,75,75,0,0,0,37,38,0
2026-02-22,台州市,38,38,0,0,0,30,8,0
2026-02-22,合肥市,4,0,0,0,0,4,0,0
2026-02-22,宁波市,360,355,0,0,0,264,96,0
2026-02-22,常州市,181,178,0,0,0,26,155,0
2026-02-22,无锡市,97,97,0,0,0,40,57,0
2026-02-22,杭州市,188,140,0,0,0,185,3,0
2026-02-22,武汉市,216,205,0,0,53,17,146,0
2026-02-22,泉州市,87,87,0,0,0,87,0,0
2026-02-22,温州市,142,142,0,0,0,111,31,0
2026-02-22,芜湖市,46,45,0,0,0,14,32,0
2026-02-22,苏州市,630,626,0,0,0,242,387,1
2026-02-22,西安市,41,27,0,0,0,41,0,0
2026-02-22,郑州市,82,1,0,0,0,82,0,0
2026-02-22,青岛市,159,159,0,0,0,90,69,0
2026-02-23,上海市,1495,2,2,1,40,937,424,2
2026-02-23,南京市,301,301,0,0,0,298,3,0
2026-02-23,南通市,75,75,0,0,0,37,38,0
2026-02-23,台州市,38,38,0,0,0,30,8,0
2026-02-23,合肥市,4,0,0,0,0,4,0,0
2026-02-23,宁波市,360,355,0,0,0,264,96,0
2026-02-23,常州市,181,178,0,0,0,26,155,0
2026-02-23,无锡市,97,97,0,0,0,40,57,0
2026-02-23,杭州市,188,140,0,0,0,185,3,0
2026-02-23,武汉市,216,202,0,0,53,17,146,0
2026-02-23,泉州市,87,87,0,0,0,87,0,0
2026-02-23,温州市,142,142,0,0,0,111,31,0
2026-02-23,芜湖市,46,45,0,0,0,14,32,0
2026-02-23,苏州市,630,625,0,0,0,242,387,1
2026-02-23,西安市,41,27,0,0,0,41,0,0
2026-02-23,郑州市,82,1,0,0,0,82,0,0
2026-02-23,青岛市,159,159,0,0,0,90,69,0
2026-02-24,上海市,1495,2,2,1,40,937,424,2
2026-02-24,南京市,301,301,0,0,0,298,3,0
2026-02-24,南通市,75,75,0,0,0,37,38,0
2026-02-24,台州市,38,38,0,0,0,30,8,0
2026-02-24,合肥市,4,0,0,0,0,4,0,0
2026-02-24,宁波市,360,355,0,0,0,264,96,0
2026-02-24,常州市,181,178,0,0,0,26,155,0
2026-02-24,无锡市,97,97,0,0,0,40,57,0
2026-02-24,杭州市,188,140,0,0,0,185,3,0
2026-02-24,武汉市,216,202,0,0,53,17,146,0
2026-02-24,泉州市,87,87,0,0,0,87,0,0
2026-02-24,温州市,142,142,0,0,0,111,31,0
2026-02-24,芜湖市,46,45,0,0,0,14,32,0
2026-02-24,苏州市,630,625,0,0,0,242,387,1
2026-02-24,西安市,41,27,0,0,0,41,0,0
2026-02-24,郑州市,82,1,0,0,0,82,0,0
2026-02-24,青岛市,159,159,0,0,0,90,69,0
2026-02-25,上海市,1495,2,2,1,40,937,424,2
2026-02-25,南京市,301,301,0,0,0,298,3,0
2026-02-25,南通市,75,75,0,0,0,37,38,0
2026-02-25,台州市,38,38,0,0,0,30,8,0
2026-02-25,合肥市,4,0,0,0,0,4,0,0
2026-02-25,宁波市,360,355,0,0,0,264,96,0
2026-02-25,常州市,181,178,0,0,0,26,155,0
2026-02-25,无锡市,97,97,0,0,0,40,57,0
2026-02-25,杭州市,188,140,0,0,0,185,3,0
2026-02-25,武汉市,216,202,0,0,53,17,146,0
2026-02-25,泉州市,87,87,0,0,0,87,0,0
2026-02-25,温州市,142,142,0,0,0,111,31,0
2026-02-25,芜湖市,46,45,0,0,0,14,32,0
2026-02-25,苏州市,630,626,0,0,0,242,387,1
2026-02-25,西安市,41,27,0,0,0,41,0,0
2026-02-25,郑州市,82,1,0,0,0,82,0,0
2026-02-25,青岛市,159,159,0,0,0,90,69,0
2026-02-26,上海市,1495,2,2,1,40,937,424,2
2026-02-26,南京市,301,301,0,0,0,298,3,0
2026-02-26,南通市,75,75,0,0,0,37,38,0
2026-02-26,台州市,38,38,0,0,0,30,8,0
2026-02-26,合肥市,4,0,0,0,0,4,0,0
2026-02-26,宁波市,360,356,0,0,0,264,96,0
2026-02-26,常州市,181,178,0,0,0,26,155,0
2026-02-26,无锡市,97,97,0,0,0,40,57,0
2026-02-26,杭州市,188,140,0,0,0,185,3,0
2026-02-26,武汉市,216,202,0,0,53,17,146,0
2026-02-26,泉州市,87,87,0,0,0,87,0,0
2026-02-26,温州市,142,142,0,0,0,111,31,0
2026-02-26,芜湖市,46,45,0,0,0,14,32,0
2026-02-26,苏州市,630,626,0,0,0,242,387,1
2026-02-26,西安市,41,27,0,0,0,41,0,0
2026-02-26,郑州市,82,1,0,0,0,82,0,0
2026-02-26,青岛市,159,159,0,0,0,90,69,0
2026-02-27,上海市,1495,2,2,1,40,937,424,2
2026-02-27,南京市,301,301,0,0,0,298,3,0
2026-02-27,南通市,75,75,0,0,0,37,38,0
2026-02-27,台州市,38,38,0,0,0,30,8,0
2026-02-27,合肥市,4,0,0,0,0,4,0,0
2026-02-27,宁波市,360,356,0,0,0,264,96,0
2026-02-27,常州市,181,178,0,0,0,26,155,0
2026-02-27,无锡市,97,97,0,0,0,40,57,0
2026-02-27,杭州市,188,140,0,0,0,185,3,0
2026-02-27,武汉市,216,206,0,0,53,17,146,0
2026-02-27,泉州市,87,87,0,0,0,87,0,0
2026-02-27,温州市,142,142,0,0,0,111,31,0
2026-02-27,芜湖市,46,45,0,0,0,14,32,0
2026-02-27,苏州市,630,626,0,0,0,242,387,1
2026-02-27,西安市,41,27,0,0,0,41,0,0
2026-02-27,郑州市,82,1,0,0,0,82,0,0
2026-02-27,青岛市,159,159,0,0,0,90,69,0
2026-02-28,上海市,1495,2,2,1,40,937,424,2
2026-02-28,南京市,301,301,0,0,0,298,3,0
2026-02-28,南通市,75,75,0,0,0,37,38,0
2026-02-28,台州市,38,38,0,0,0,30,8,0
2026-02-28,合肥市,4,0,0,0,0,4,0,0
2026-02-28,宁波市,360,356,0,0,0,264,96,0
2026-02-28,常州市,181,178,0,0,0,26,155,0
2026-02-28,无锡市,97,97,0,0,0,40,57,0
2026-02-28,杭州市,188,141,0,0,0,185,3,0
2026-02-28,武汉市,216,206,0,0,53,17,146,0
2026-02-28,泉州市,87,87,0,0,0,87,0,0
2026-02-28,温州市,142,142,0,0,0,111,31,0
2026-02-28,芜湖市,46,45,0,0,0,14,32,0
2026-02-28,苏州市,630,626,0,0,0,242,387,1
2026-02-28,西安市,41,27,0,0,0,41,0,0
2026-02-28,郑州市,82,1,0,0,0,82,0,0
2026-02-28,青岛市,159,159,0,0,0,90,69,0
2026-03-01,上海市,1495,2,2,1,40,937,424,2
2026-03-01,南京市,301,301,0,0,0,298,3,0
2026-03-01,南通市,75,75,0,0,0,37,38,0
2026-03-01,台州市,38,38,0,0,0,30,8,0
2026-03-01,合肥市,4,0,0,0,0,4,0,0
2026-03-01,宁波市,360,357,0,0,0,264,96,0
2026-03-01,常州市,181,178,0,0,0,26,155,0
2026-03-01,无锡市,97,97,0,0,0,40,57,0
2026-03-01,杭州市,188,141,0,0,0,185,3,0
2026-03-01,武汉市,216,206,0,0,53,17,146,0
2026-03-01,泉州市,87,87,0,0,0,87,0,0
2026-03-01,温州市,142,142,0,0,0,111,31,0
2026-03-01,芜湖市,46,45,0,0,0,14,32,0
2026-03-01,苏州市,630,626,0,0,0,242,387,1
2026-03-01,西安市,41,27,0,0,0,41,0,0
2026-03-01,郑州市,82,1,0,0,0,82,0,0
2026-03-01,青岛市,159,159,0,0,0,90,69,0
2026-03-02,上海市,1495,2,2,1,40,937,424,2
2026-03-02,南京市,301,301,0,0,0,298,3,0
2026-03-02,南通市,75,75,0,0,0,37,38,0
2026-03-02,台州市,38,38,0,0,0,30,8,0
2026-03-02,合肥市,4,0,0,0,0,4,0,0
2026-03-02,宁波市,360,357,0,0,0,264,96,0
2026-03-02,常州市,181,178,0,0,0,26,155,0
2026-03-02,无锡市,97,97,0,0,0,40,57,0
2026-03-02,杭州市,188,141,0,0,0,185,3,0
2026-03-02,武汉市,216,205,0,0,53,17,146,0
2026-03-02,泉州市,87,87,0,0,0,87,0,0
2026-03-02,温州市,142,142,0,0,0,111,31,0
2026-03-02,芜湖市,46,45,0,0,0,14,32,0
2026-03-02,苏州市,630,626,0,0,0,242,387,1
2026-03-02,西安市,41,27,0,0,0,41,0,0
2026-03-02,郑州市,82,1,0,0,0,82,0,0
2026-03-02,青岛市,159,159,0,0,0,90,69,0
2026-03-03,上海市,1495,2,2,1,40,937,424,2
2026-03-03,南京市,301,301,0,0,0,298,3,0
2026-03-03,南通市,75,75,0,0,0,37,38,0
2026-03-03,台州市,38,38,0,0,0,30,8,0
2026-03-03,合肥市,4,0,0,0,0,4,0,0
2026-03-03,宁波市,360,357,0,0,0,264,96,0
2026-03-03,常州市,181,178,0,0,0,26,155,0
2026-03-03,无锡市,97,97,0,0,0,40,57,0
2026-03-03,杭州市,188,143,0,0,0,185,3,0
2026-03-03,武汉市,216,205,0,0,53,17,146,0
2026-03-03,泉州市,87,87,0,0,0,87,0,0
2026-03-03,温州市,142,142,0,0,0,111,31,0
2026-03-03,芜湖市,46,45,0,0,0,14,32,0
2026-03-03,苏州市,630,624,0,0,0,242,387,1
2026-03-03,西安市,41,27,0,0,0,41,0,0
2026-03-03,郑州市,82,1,0,0,0,82,0,0
2026-03-03,青岛市,159,159,0,0,0,90,69,0
2026-03-04,上海市,1495,2,2,1,40,937,424,2
2026-03-04,南京市,301,301,0,0,0,298,3,0
2026-03-04,南通市,75,75,0,0,0,37,38,0
2026-03-04,台州市,38,38,0,0,0,30,8,0
2026-03-04,合肥市,4,0,0,0,0,4,0,0
2026-03-04,宁波市,360,357,0,0,0,264,96,0
2026-03-04,常州市,181,178,0,0,0,26,155,0
2026-03-04,无锡市,97,97,0,0,0,40,57,0
2026-03-04,杭州市,188,144,0,0,0,185,3,0
2026-03-04,武汉市,216,205,0,0,53,17,146,0
2026-03-04,泉州市,87,87,0,0,0,87,0,0
2026-03-04,温州市,142,142,0,0,0,111,31,0
2026-03-04,芜湖市,46,45,0,0,0,14,32,0
2026-03-04,苏州市,630,624,0,0,0,242,387,1
2026-03-04,西安市,41,27,0,0,0,41,0,0
2026-03-04,郑州市,82,1,0,0,0,82,0,0
2026-03-04,青岛市,159,159,0,0,0,90,69,0
2026-03-05,上海市,1495,2,2,1,40,937,424,2
2026-03-05,南京市,301,301,0,0,0,298,3,0
2026-03-05,南通市,75,75,0,0,0,37,38,0
2026-03-05,台州市,38,38,0,0,0,30,8,0
2026-03-05,合肥市,4,0,0,0,0,4,0,0
2026-03-05,宁波市,360,357,0,0,0,264,96,0
2026-03-05,常州市,181,178,0,0,0,26,155,0
2026-03-05,无锡市,97,97,0,0,0,40,57,0
2026-03-05,杭州市,188,144,0,0,0,185,3,0
2026-03-05,武汉市,216,204,0,0,53,17,146,0
2026-03-05,泉州市,87,87,0,0,0,87,0,0
2026-03-05,温州市,142,142,0,0,0,111,31,0
2026-03-05,芜湖市,46,45,0,0,0,14,32,0
2026-03-05,苏州市,630,626,0,0,0,242,387,1
2026-03-05,西安市,41,27,0,0,0,41,0,0
2026-03-05,郑州市,82,1,0,0,0,82,0,0
2026-03-05,青岛市,159,159,0,0,0,90,69,0
2026-03-06,上海市,1495,2,2,1,40,937,424,2
2026-03-06,南京市,301,301,0,0,0,298,3,0
2026-03-06,南通市,75,75,0,0,0,37,38,0
2026-03-06,台州市,38,38,0,0,0,30,8,0
2026-03-06,合肥市,4,0,0,0,0,4,0,0
2026-03-06,宁波市,360,357,0,0,0,264,96,0
2026-03-06,常州市,181,178,0,0,0,26,155,0
2026-03-06,无锡市,97,97,0,0,0,40,57,0
2026-03-06,杭州市,188,145,0,0,0,185,3,0
2026-03-06,武汉市,216,204,0,0,53,17,146,0
2026-03-06,泉州市,87,87,0,0,0,87,0,0
2026-03-06,温州市,142,142,0,0,0,111,31,0
2026-03-06,芜湖市,46,45,0,0,0,14,32,0
2026-03-06,苏州市,630,626,0,0,0,242,387,1
2026-03-06,西安市,41,27,0,0,0,41,0,0
2026-03-06,郑州市,82,1,0,0,0,82,0,0
2026-03-06,青岛市,159,159,0,0,0,90,69,0
2026-03-07,上海市,1495,2,2,1,40,937,424,2
2026-03-07,南京市,301,301,0,0,0,298,3,0
2026-03-07,南通市,75,75,0,0,0,37,38,0
2026-03-07,台州市,38,38,0,0,0,30,8,0
2026-03-07,合肥市,4,0,0,0,0,4,0,0
2026-03-07,宁波市,360,357,0,0,0,264,96,0
2026-03-07,常州市,181,178,0,0,0,26,155,0
2026-03-07,无锡市,97,97,0,0,0,40,57,0
2026-03-07,杭州市,188,145,0,0,0,185,3,0
2026-03-07,武汉市,216,204,0,0,53,17,146,0
2026-03-07,泉州市,87,87,0,0,0,87,0,0
2026-03-07,温州市,142,142,0,0,0,111,31,0
2026-03-07,芜湖市,46,45,0,0,0,14,32,0
2026-03-07,苏州市,630,626,0,0,0,242,387,1
2026-03-07,西安市,41,41,0,0,0,41,0,0
2026-03-07,郑州市,82,1,0,0,0,82,0,0
2026-03-07,青岛市,159,159,0,0,0,90,69,0
2026-03-08,上海市,1495,2,2,1,40,937,424,2
2026-03-08,南京市,301,301,0,0,0,298,3,0
2026-03-08,南通市,75,75,0,0,0,37,38,0
2026-03-08,台州市,38,38,0,0,0,30,8,0
2026-03-08,合肥市,4,0,0,0,0,4,0,0
2026-03-08,宁波市,360,357,0,0,0,264,96,0
2026-03-08,常州市,181,178,0,0,0,26,155,0
2026-03-08,无锡市,97,97,0,0,0,40,57,0
2026-03-08,杭州市,188,145,0,0,0,185,3,0
2026-03-08,武汉市,216,204,0,0,53,17,146,0
2026-03-08,泉州市,87,87,0,0,0,87,0,0
2026-03-08,温州市,142,142,0,0,0,111,31,0
2026-03-08,芜湖市,46,45,0,0,0,14,32,0
2026-03-08,苏州市,630,626,0,0,0,242,387,1
2026-03-08,西安市,41,41,0,0,0,41,0,0
2026-03-08,郑州市,82,1,0,0,0,82,0,0
2026-03-08,青岛市,159,158,0,0,0,90,69,0
2026-03-09,上海市,1495,2,2,1,40,937,424,2
2026-03-09,南京市,301,301,0,0,0,298,3,0
2026-03-09,南通市,75,75,0,0,0,37,38,0
2026-03-09,台州市,38,38,0,0,0,30,8,0
2026-03-09,合肥市,4,0,0,0,0,4,0,0
2026-03-09,宁波市,360,357,0,0,0,264,96,0
2026-03-09,常州市,181,178,0,0,0,26,155,0
2026-03-09,无锡市,97,97,0,0,0,40,57,0
2026-03-09,杭州市,188,147,0,0,0,185,3,0
2026-03-09,武汉市,216,204,0,0,53,17,146,0
2026-03-09,泉州市,87,87,0,0,0,87,0,0
2026-03-09,温州市,142,142,0,0,0,111,31,0
2026-03-09,芜湖市,46,45,0,0,0,14,32,0
2026-03-09,苏州市,630,626,0,0,0,242,387,1
2026-03-09,西安市,41,41,0,0,0,41,0,0
2026-03-09,郑州市,82,1,0,0,0,82,0,0
2026-03-09,青岛市,159,158,0,0,0,90,69,0
2026-03-10,上海市,1497,2,2,1,40,938,425,2
2026-03-10,南京市,301,301,0,0,0,298,3,0
2026-03-10,南通市,75,75,0,0,0,37,38,0
2026-03-10,台州市,38,38,0,0,0,30,8,0
2026-03-10,合肥市,4,0,0,0,0,4,0,0
2026-03-10,宁波市,358,357,0,0,0,263,95,0
2026-03-10,常州市,181,178,0,0,0,26,155,0
2026-03-10,无锡市,97,97,0,0,0,40,57,0
2026-03-10,杭州市,188,153,0,0,0,185,3,0
2026-03-10,武汉市,216,204,0,0,53,17,146,0
2026-03-10,泉州市,87,87,0,0,0,87,0,0
2026-03-10,温州市,142,142,0,0,0,111,31,0
2026-03-10,芜湖市,46,45,0,0,0,14,32,0
2026-03-10,苏州市,630,626,0,0,0,242,387,1
2026-03-10,西安市,41,41,0,0,0,41,0,0
2026-03-10,郑州市,82,1,0,0,0,82,0,0
2026-03-10,青岛市,159,158,0,0,0,90,69,0
2026-03-11,上海市,1497,2,2,1,40,938,425,2
2026-03-11,南京市,301,301,0,0,0,298,3,0
2026-03-11,南通市,75,75,0,0,0,37,38,0
2026-03-11,台州市,38,38,0,0,0,30,8,0
2026-03-11,合肥市,4,0,0,0,0,4,0,0
2026-03-11,宁波市,358,357,0,0,0,263,95,0
2026-03-11,常州市,181,178,0,0,0,26,155,0
2026-03-11,无锡市,97,97,0,0,0,40,57,0
2026-03-11,杭州市,188,160,0,0,0,185,3,0
2026-03-11,武汉市,216,201,0,0,53,17,146,0
2026-03-11,泉州市,87,87,0,0,0,87,0,0
2026-03-11,温州市,142,142,0,0,0,111,31,0
2026-03-11,芜湖市,46,45,0,0,0,14,32,0
2026-03-11,苏州市,630,626,0,0,0,242,387,1
2026-03-11,西安市,41,41,0,0,0,41,0,0
2026-03-11,郑州市,82,1,0,0,0,82,0,0
2026-03-11,青岛市,159,158,0,0,0,90,69,0
2026-03-12,上海市,1453,2,2,1,40,894,425,2
2026-03-12,南京市,301,301,0,0,0,298,3,0
2026-03-12,南通市,75,75,0,0,0,37,38,0
2026-03-12,台州市,38,38,0,0,0,30,8,0
2026-03-12,合肥市,4,0,0,0,0,4,0,0
2026-03-12,宁波市,358,357,0,0,0,263,95,0
2026-03-12,常州市,181,178,0,0,0,26,155,0
2026-03-12,无锡市,97,97,0,0,0,40,57,0
2026-03-12,杭州市,188,161,0,0,0,185,3,0
2026-03-12,武汉市,216,201,0,0,53,17,146,0
2026-03-12,泉州市,87,87,0,0,0,87,0,0
2026-03-12,温州市,142,142,0,0,0,111,31,0
2026-03-12,芜湖市,46,45,0,0,0,14,32,0
2026-03-12,苏州市,630,626,0,0,0,242,387,1
2026-03-12,西安市,85,41,0,0,0,85,0,0
2026-03-12,郑州市,82,1,0,0,0,82,0,0
2026-03-12,青岛市,159,158,0,0,0,90,69,0
2026-03-13,上海市,1453,2,2,1,40,894,425,2
2026-03-13,南京市,301,301,0,0,0,298,3,0
2026-03-13,南通市,75,75,0,0,0,37,38,0
2026-03-13,台州市,38,38,0,0,0,30,8,0
2026-03-13,合肥市,4,0,0,0,0,4,0,0
2026-03-13,宁波市,358,357,0,0,0,263,95,0
2026-03-13,常州市,181,178,0,0,0,26,155,0
2026-03-13,无锡市,97,97,0,0,0,40,57,0
2026-03-13,杭州市,188,161,0,0,0,185,3,0
2026-03-13,武汉市,216,201,0,0,53,17,146,0
2026-03-13,泉州市,87,87,0,0,0,87,0,0
2026-03-13,温州市,142,142,0,0,0,111,31,0
2026-03-13,芜湖市,46,45,0,0,0,14,32,0
2026-03-13,苏州市,630,626,0,0,0,242,387,1
2026-03-13,西安市,85,41,0,0,0,85,0,0
2026-03-13,郑州市,82,1,0,0,0,82,0,0
2026-03-13,青岛市,159,158,0,0,0,90,69,0
2026-03-14,上海市,1453,2,2,1,40,894,425,2
2026-03-14,南京市,301,301,0,0,0,298,3,0
2026-03-14,南通市,75,75,0,0,0,37,38,0
2026-03-14,台州市,38,38,0,0,0,30,8,0
2026-03-14,合肥市,4,0,0,0,0,4,0,0
2026-03-14,宁波市,358,357,0,0,0,263,95,0
2026-03-14,常州市,181,178,0,0,0,26,155,0
2026-03-14,无锡市,97,97,0,0,0,40,57,0
2026-03-14,杭州市,188,163,0,0,0,185,3,0
2026-03-14,武汉市,216,201,0,0,53,17,146,0
2026-03-14,泉州市,87,87,0,0,0,87,0,0
2026-03-14,温州市,142,142,0,0,0,111,31,0
2026-03-14,芜湖市,46,45,0,0,0,14,32,0
2026-03-14,苏州市,630,626,0,0,0,242,387,1
2026-03-14,西安市,85,41,0,0,0,85,0,0
2026-03-14,郑州市,82,1,0,0,0,82,0,0
2026-03-14,青岛市,159,158,0,0,0,90,69,0
2026-03-15,上海市,1453,2,2,1,40,894,425,2
2026-03-15,南京市,301,301,0,0,0,298,3,0
2026-03-15,南通市,75,75,0,0,0,37,38,0
2026-03-15,台州市,38,38,0,0,0,30,8,0
2026-03-15,合肥市,4,0,0,0,0,4,0,0
2026-03-15,宁波市,358,357,0,0,0,263,95,0
2026-03-15,常州市,181,178,0,0,0,26,155,0
2026-03-15,无锡市,97,97,0,0,0,40,57,0
2026-03-15,杭州市,188,163,0,0,0,185,3,0
2026-03-15,武汉市,216,201,0,0,53,17,146,0
2026-03-15,泉州市,87,87,0,0,0,87,0,0
2026-03-15,温州市,142,142,0,0,0,111,31,0
2026-03-15,芜湖市,46,45,0,0,0,14,32,0
2026-03-15,苏州市,630,626,0,0,0,242,387,1
2026-03-15,西安市,85,41,0,0,0,85,0,0
2026-03-15,郑州市,82,1,0,0,0,82,0,0
2026-03-15,青岛市,159,158,0,0,0,90,69,0
2026-03-16,上海市,1396,4,2,1,40,840,422,2
2026-03-16,南京市,301,301,0,0,0,298,3,0
2026-03-16,南通市,75,75,0,0,0,37,38,0
2026-03-16,台州市,38,38,0,0,0,30,8,0
2026-03-16,合肥市,4,0,0,0,0,4,0,0
2026-03-16,宁波市,358,357,0,0,0,263,95,0
2026-03-16,常州市,181,177,0,0,0,26,155,0
2026-03-16,无锡市,97,97,0,0,0,40,57,0
2026-03-16,杭州市,188,164,0,0,0,185,3,0
2026-03-16,武汉市,216,201,0,0,53,17,146,0
2026-03-16,泉州市,87,87,0,0,0,87,0,0
2026-03-16,温州市,142,142,0,0,0,111,31,0
2026-03-16,芜湖市,46,45,0,0,0,14,32,0
2026-03-16,苏州市,622,618,0,0,0,240,381,1
2026-03-16,西安市,105,41,0,0,0,96,9,0
2026-03-16,郑州市,127,64,0,0,0,127,0,0
2026-03-16,青岛市,159,158,0,0,0,90,69,0
2026-03-17,上海市,1396,4,2,1,40,840,422,2
2026-03-17,南京市,301,301,0,0,0,298,3,0
2026-03-17,南通市,75,75,0,0,0,37,38,0
2026-03-17,台州市,38,38,0,0,0,30,8,0
2026-03-17,合肥市,4,0,0,0,0,4,0,0
2026-03-17,宁波市,358,357,0,0,0,263,95,0
2026-03-17,常州市,181,177,0,0,0,26,155,0
2026-03-17,无锡市,97,97,0,0,0,40,57,0
2026-03-17,杭州市,188,164,0,0,0,185,3,0
2026-03-17,武汉市,216,201,0,0,53,17,146,0
2026-03-17,泉州市,87,87,0,0,0,87,0,0
2026-03-17,温州市,142,142,0,0,0,111,31,0
2026-03-17,芜湖市,46,45,0,0,0,14,32,0
2026-03-17,苏州市,622,618,0,0,0,240,381,1
2026-03-17,西安市,105,41,0,0,0,96,9,0
2026-03-17,郑州市,127,64,0,0,0,127,0,0
2026-03-17,青岛市,159,158,0,0,0,90,69,0
2026-03-18,上海市,1397,4,2,1,40,841,422,2
2026-03-18,南京市,301,301,0,0,0,298,3,0
2026-03-18,南通市,75,75,0,0,0,37,38,0
2026-03-18,台州市,38,38,0,0,0,30,8,0
2026-03-18,合肥市,4,0,0,0,0,4,0,0
2026-03-18,宁波市,358,357,0,0,0,263,95,0
2026-03-18,常州市,181,177,0,0,0,26,155,0
2026-03-18,无锡市,97,97,0,0,0,40,57,0
2026-03-18,杭州市,188,169,0,0,0,185,3,0
2026-03-18,武汉市,216,201,0,0,53,17,146,0
2026-03-18,泉州市,87,87,0,0,0,87,0,0
2026-03-18,温州市,141,141,0,0,0,110,31,0
2026-03-18,芜湖市,46,45,0,0,0,14,32,0
2026-03-18,苏州市,622,618,0,0,0,240,381,1
2026-03-18,西安市,105,41,0,0,0,96,9,0
2026-03-18,郑州市,127,64,0,0,0,127,0,0
2026-03-18,青岛市,159,159,0,0,0,90,69,0
2026-03-19,上海市,1397,4,2,1,40,841,422,2
2026-03-19,南京市,301,301,0,0,0,298,3,0
2026-03-19,南通市,75,75,0,0,0,37,38,0
2026-03-19,台州市,38,38,0,0,0,30,8,0
2026-03-19,合肥市,4,0,0,0,0,4,0,0
2026-03-19,宁波市,358,357,0,0,0,263,95,0
2026-03-19,常州市,181,177,0,0,0,26,155,0
2026-03-19,无锡市,97,97,0,0,0,40,57,0
2026-03-19,杭州市,188,170,0,0,0,185,3,0
2026-03-19,武汉市,216,201,0,0,53,17,146,0
2026-03-19,泉州市,87,87,0,0,0,87,0,0
2026-03-19,温州市,141,141,0,0,0,110,31,0
2026-03-19,芜湖市,46,45,0,0,0,14,32,0
2026-03-19,苏州市,622,618,0,0,0,240,381,1
2026-03-19,西安市,105,41,0,0,0,96,9,0
2026-03-19,郑州市,127,64,0,0,0,127,0,0
2026-03-19,青岛市,159,159,0,0,0,90,69,0
2026-03-20,上海市,1398,4,2,1,40,841,423,2
2026-03-20,南京市,301,301,0,0,0,298,3,0
2026-03-20,南通市,75,75,0,0,0,37,38,0
2026-03-20,台州市,38,38,0,0,0,30,8,0
2026-03-20,合肥市,4,0,0,0,0,4,0,0
2026-03-20,宁波市,358,357,0,0,0,263,95,0
2026-03-20,常州市,181,177,0,0,0,26,155,0
2026-03-20,无锡市,97,97,0,0,0,40,57,0
2026-03-20,杭州市,188,173,0,0,0,185,3,0
2026-03-20,武汉市,216,201,0,0,53,17,146,0
2026-03-20,泉州市,87,87,0,0,0,87,0,0
2026-03-20,温州市,141,141,0,0,0,110,31,0
2026-03-20,芜湖市,46,45,0,0,0,14,32,0
2026-03-20,苏州市,622,619,0,0,0,241,380,1
2026-03-20,西安市,105,41,0,0,0,96,9,0
2026-03-20,郑州市,127,83,0,0,0,127,0,0
2026-03-20,青岛市,159,159,0,0,0,90,69,0
2026-03-21,上海市,1352,4,2,1,40,795,423,2
2026-03-21,南京市,301,301,0,0,0,298,3,0
2026-03-21,南通市,75,75,0,0,0,37,38,0
2026-03-21,台州市,38,38,0,0,0,30,8,0
2026-03-21,合肥市,4,0,0,0,0,4,0,0
2026-03-21,宁波市,358,357,0,0,0,263,95,0
2026-03-21,常州市,181,177,0,0,0,26,155,0
2026-03-21,无锡市,97,97,0,0,0,40,57,0
2026-03-21,杭州市,188,174,0,0,0,185,3,0
2026-03-21,武汉市,216,201,0,0,53,17,146,0
2026-03-21,泉州市,133,87,0,0,0,133,0,0
2026-03-21,温州市,141,141,0,0,0,110,31,0
2026-03-21,芜湖市,46,45,0,0,0,14,32,0
2026-03-21,苏州市,622,619,0,0,0,241,380,1
2026-03-21,西安市,105,41,0,0,0,96,9,0
2026-03-21,郑州市,127,83,0,0,0,127,0,0
2026-03-21,青岛市,159,159,0,0,0,90,69,0
2026-03-22,上海市,1352,4,2,1,40,795,423,2
2026-03-22,南京市,301,301,0,0,0,298,3,0
2026-03-22,南通市,75,75,0,0,0,37,38,0
2026-03-22,台州市,38,38,0,0,0,30,8,0
2026-03-22,合肥市,4,0,0,0,0,4,0,0
2026-03-22,宁波市,358,357,0,0,0,263,95,0
2026-03-22,常州市,181,177,0,0,0,26,155,0
2026-03-22,无锡市,97,97,0,0,0,40,57,0
2026-03-22,杭州市,188,174,0,0,0,185,3,0
2026-03-22,武汉市,216,201,0,0,53,17,146,0
2026-03-22,泉州市,133,91,0,0,0,133,0,0
2026-03-22,温州市,141,141,0,0,0,110,31,0
2026-03-22,芜湖市,46,45,0,0,0,14,32,0
2026-03-22,苏州市,622,619,0,0,0,241,380,1
2026-03-22,西安市,105,41,0,0,0,96,9,0
2026-03-22,郑州市,127,83,0,0,0,127,0,0
2026-03-22,青岛市,159,159,0,0,0,90,69,0
2026-03-23,上海市,1352,4,2,1,40,795,423,2
2026-03-23,南京市,301,301,0,0,0,298,3,0
2026-03-23,南通市,75,75,0,0,0,37,38,0
2026-03-23,台州市,38,38,0,0,0,30,8,0
2026-03-23,合肥市,4,0,0,0,0,4,0,0
2026-03-23,宁波市,358,357,0,0,0,263,95,0
2026-03-23,常州市,181,177,0,0,0,26,155,0
2026-03-23,无锡市,97,97,0,0,0,40,57,0
2026-03-23,杭州市,188,175,0,0,0,185,3,0
2026-03-23,武汉市,216,201,0,0,53,17,146,0
2026-03-23,泉州市,133,96,0,0,0,133,0,0
2026-03-23,温州市,141,141,0,0,0,110,31,0
2026-03-23,芜湖市,46,45,0,0,0,14,32,0
2026-03-23,苏州市,622,619,0,0,0,241,380,1
2026-03-23,西安市,105,72,0,0,0,96,9,0
2026-03-23,郑州市,127,105,0,0,0,127,0,0
2026-03-23,青岛市,159,159,0,0,0,90,69,0
2026-03-24,上海市,2352,4,2,1,40,1795,423,2
2026-03-24,南京市,301,301,0,0,0,298,3,0
2026-03-24,南通市,75,75,0,0,0,37,38,0
2026-03-24,台州市,38,38,0,0,0,30,8,0
2026-03-24,合肥市,4,0,0,0,0,4,0,0
2026-03-24,宁波市,358,357,0,0,0,263,95,0
2026-03-24,常州市,181,177,0,0,0,26,155,0
2026-03-24,无锡市,97,97,0,0,0,40,57,0
2026-03-24,杭州市,188,175,0,0,0,185,3,0
2026-03-24,武汉市,216,201,0,0,53,17,146,0
2026-03-24,泉州市,133,99,0,0,0,133,0,0
2026-03-24,温州市,141,141,0,0,0,110,31,0
2026-03-24,芜湖市,46,45,0,0,0,14,32,0
2026-03-24,苏州市,622,619,0,0,0,241,380,1
2026-03-24,西安市,105,72,0,0,0,96,9,0
2026-03-24,郑州市,127,105,0,0,0,127,0,0
2026-03-24,青岛市,159,159,0,0,0,90,69,0
2026-03-25,上海市,3320,4,2,1,40,2763,423,2
2026-03-25,南京市,321,301,0,0,0,318,3,0
2026-03-25,南通市,75,75,0,0,0,37,38,0
2026-03-25,台州市,38,38,0,0,0,30,8,0
2026-03-25,合肥市,4,0,0,0,0,4,0,0
2026-03-25,宁波市,358,357,0,0,0,263,95,0
2026-03-25,常州市,181,177,0,0,0,26,155,0
2026-03-25,无锡市,97,97,0,0,0,40,57,0
2026-03-25,杭州市,188,181,0,0,0,185,3,0
2026-03-25,武汉市,216,201,0,0,53,17,146,0
2026-03-25,泉州市,133,100,0,0,0,133,0,0
2026-03-25,温州市,141,141,0,0,0,110,31,0
2026-03-25,芜湖市,46,45,0,0,0,14,32,0
2026-03-25,苏州市,637,619,0,0,0,256,380,1
2026-03-25,西安市,105,72,0,0,0,96,9,0
2026-03-25,郑州市,127,105,0,0,0,127,0,0
2026-03-25,青岛市,159,159,0,0,0,90,69,0
2026-03-26,上海市,3287,4,2,1,40,2761,392,2
2026-03-26,南京市,321,301,0,0,0,318,3,0
2026-03-26,南通市,75,75,0,0,0,37,38,0
2026-03-26,台州市,71,38,0,0,0,32,39,0
2026-03-26,合肥市,4,0,0,0,0,4,0,0
2026-03-26,宁波市,358,356,0,0,0,263,95,0
2026-03-26,常州市,181,177,0,0,0,26,155,0
2026-03-26,无锡市,97,97,0,0,0,40,57,0
2026-03-26,杭州市,188,181,0,0,0,185,3,0
2026-03-26,武汉市,216,201,0,0,53,17,146,0
2026-03-26,泉州市,133,100,0,0,0,133,0,0
2026-03-26,温州市,141,141,0,0,0,110,31,0
2026-03-26,芜湖市,46,45,0,0,0,14,32,0
2026-03-26,苏州市,637,619,0,0,0,256,380,1
2026-03-26,西安市,105,72,0,0,0,96,9,0
2026-03-26,郑州市,127,105,0,0,0,127,0,0
2026-03-26,青岛市,159,159,0,0,0,90,69,0
2026-03-27,常州市,181,177,0,0,0,26,155,0
2026-03-27,上海市,3282,4,2,1,40,2761,387,2
2026-03-27,武汉市,216,201,0,0,53,17,146,0
2026-03-27,宁波市,358,357,0,0,0,263,95,0
2026-03-27,无锡市,97,97,0,0,0,40,57,0
2026-03-27,青岛市,159,159,0,0,0,90,69,0
2026-03-27,西安市,105,72,0,0,0,96,9,0
2026-03-27,南京市,321,301,0,0,0,318,3,0
2026-03-27,台州市,71,58,0,0,0,32,39,0
2026-03-27,南通市,75,75,0,0,0,37,38,0
2026-03-27,合肥市,4,0,0,0,0,4,0,0
2026-03-27,温州市,146,141,0,0,0,110,36,0
2026-03-27,杭州市,188,181,0,0,0,185,3,0
2026-03-27,苏州市,637,619,0,0,0,256,380,1
2026-03-27,泉州市,133,103,0,0,0,133,0,0
2026-03-27,郑州市,127,106,0,0,0,127,0,0
2026-03-27,芜湖市,46,45,0,0,0,14,32,0
2026-03-28,常州市,181,177,0,0,0,26,155,0
2026-03-28,上海市,3282,4,2,1,40,2761,387,2
2026-03-28,武汉市,216,203,0,0,53,17,146,0
2026-03-28,宁波市,358,357,0,0,0,263,95,0
2026-03-28,无锡市,97,97,0,0,0,40,57,0
2026-03-28,青岛市,159,159,0,0,0,90,69,0
2026-03-28,西安市,105,72,0,0,0,96,9,0
2026-03-28,南京市,321,301,0,0,0,318,3,0
2026-03-28,台州市,71,58,0,0,0,32,39,0
2026-03-28,南通市,75,75,0,0,0,37,38,0
2026-03-28,合肥市,4,0,0,0,0,4,0,0
2026-03-28,温州市,146,141,0,0,0,110,36,0
2026-03-28,杭州市,188,183,0,0,0,185,3,0
2026-03-28,苏州市,637,619,0,0,0,256,380,1
2026-03-28,泉州市,133,107,0,0,0,133,0,0
2026-03-28,郑州市,127,106,0,0,0,127,0,0
2026-03-28,芜湖市,46,45,0,0,0,14,32,0
2026-03-29,常州市,181,177,0,0,0,26,155,0
2026-03-29,上海市,3282,4,2,1,40,2761,387,2
2026-03-29,武汉市,216,203,0,0,53,17,146,0
2026-03-29,宁波市,358,357,0,0,0,263,95,0
2026-03-29,无锡市,97,97,0,0,0,40,57,0
2026-03-29,青岛市,159,159,0,0,0,90,69,0
2026-03-29,西安市,105,72,0,0,0,96,9,0
2026-03-29,南京市,321,301,0,0,0,318,3,0
2026-03-29,台州市,71,58,0,0,0,32,39,0
2026-03-29,南通市,75,75,0,0,0,37,38,0
2026-03-29,合肥市,4,0,0,0,0,4,0,0
2026-03-29,温州市,146,141,0,0,0,110,36,0
2026-03-29,杭州市,188,183,0,0,0,185,3,0
2026-03-29,苏州市,637,621,0,0,0,256,380,1
2026-03-29,泉州市,133,111,0,0,0,133,0,0
2026-03-29,郑州市,127,117,0,0,0,127,0,0
2026-03-29,芜湖市,46,45,0,0,0,14,32,0
2026-03-30,常州市,181,177,0,0,0,26,155,0
2026-03-30,上海市,3238,4,2,1,40,2717,387,2
2026-03-30,武汉市,216,208,0,0,53,17,146,0
2026-03-30,宁波市,358,357,0,0,0,263,95,0
2026-03-30,无锡市,97,97,0,0,0,40,57,0
2026-03-30,青岛市,159,159,0,0,0,90,69,0
2026-03-30,西安市,105,72,0,0,0,96,9,0
2026-03-30,南京市,321,301,0,0,0,318,3,0
2026-03-30,台州市,71,61,0,0,0,32,39,0
2026-03-30,南通市,75,75,0,0,0,37,38,0
2026-03-30,合肥市,4,0,0,0,0,4,0,0
2026-03-30,温州市,146,142,0,0,0,110,36,0
2026-03-30,杭州市,188,183,0,0,0,185,3,0
2026-03-30,苏州市,637,621,0,0,0,256,380,1
2026-03-30,泉州市,133,115,0,0,0,133,0,0
2026-03-30,郑州市,127,118,0,0,0,127,0,0
2026-03-30,芜湖市,46,45,0,0,0,14,32,0
2026-03-31,常州市,181,177,0,0,0,26,155,0
2026-03-31,工厂,3287,4,2,1,40,2766,387,2
2026-03-31,武汉市,216,208,0,0,53,17,146,0
2026-03-31,宁波市,358,357,0,0,0,263,95,0
2026-03-31,无锡市,97,97,0,0,0,40,57,0
2026-03-31,青岛市,159,159,0,0,0,90,69,0
2026-03-31,西安市,105,84,0,0,0,96,9,0
2026-03-31,南京市,321,301,0,0,0,318,3,0
2026-03-31,台州市,71,61,0,0,0,32,39,0
2026-03-31,南通市,75,75,0,0,0,37,38,0
2026-03-31,温州市,146,143,0,0,0,110,36,0
2026-03-31,杭州市,188,183,0,0,0,185,3,0
2026-03-31,苏州市,636,624,0,0,0,255,380,1
2026-03-31,泉州市,133,119,0,0,0,133,0,0
2026-03-31,郑州市,127,125,0,0,0,127,0,0
2026-03-31,芜湖市,46,45,0,0,0,14,32,0
2026-04-01,常州市,181,177,0,0,0,26,155,0
2026-04-01,工厂,3287,4,2,1,40,2766,387,2
2026-04-01,武汉市,216,208,0,0,53,17,146,0
2026-04-01,宁波市,358,357,0,0,0,263,95,0
2026-04-01,无锡市,97,96,0,0,0,40,57,0
2026-04-01,青岛市,159,159,0,0,0,90,69,0
2026-04-01,西安市,105,85,0,0,0,96,9,0
2026-04-01,南京市,321,301,0,0,0,318,3,0
2026-04-01,台州市,71,61,0,0,0,32,39,0
2026-04-01,南通市,75,75,0,0,0,37,38,0
2026-04-01,温州市,146,144,0,0,0,110,36,0
2026-04-01,杭州市,188,184,0,0,0,185,3,0
2026-04-01,苏州市,636,624,0,0,0,255,380,1
2026-04-01,泉州市,133,119,0,0,0,133,0,0
2026-04-01,郑州市,127,126,0,0,0,127,0,0
2026-04-01,芜湖市,46,45,0,0,0,14,32,0
2026-04-02,常州市,181,177,0,0,0,26,155,0
2026-04-02,工厂,3282,4,2,1,40,2764,384,2
2026-04-02,武汉市,216,208,0,0,53,17,146,0
2026-04-02,宁波市,358,357,0,0,0,263,95,0
2026-04-02,无锡市,97,96,0,0,0,40,57,0
2026-04-02,青岛市,162,159,0,0,0,90,72,0
2026-04-02,西安市,105,88,0,0,0,96,9,0
2026-04-02,南京市,321,301,0,0,0,318,3,0
2026-04-02,台州市,71,61,0,0,0,32,39,0
2026-04-02,南通市,75,75,0,0,0,37,38,0
2026-04-02,温州市,146,145,0,0,0,110,36,0
2026-04-02,杭州市,190,186,0,0,0,187,3,0
2026-04-02,苏州市,636,625,0,0,0,255,380,1
2026-04-02,泉州市,133,119,0,0,0,133,0,0
2026-04-02,郑州市,127,126,0,0,0,127,0,0
2026-04-02,芜湖市,46,45,0,0,0,14,32,0
2026-04-03,常州市,181,177,0,0,0,26,155,0
2026-04-03,工厂,3282,4,2,1,40,2764,384,2
2026-04-03,武汉市,216,208,0,0,53,17,146,0
2026-04-03,宁波市,358,357,0,0,0,263,95,0
2026-04-03,无锡市,97,96,0,0,0,40,57,0
2026-04-03,青岛市,162,159,0,0,0,90,72,0
2026-04-03,西安市,105,92,0,0,0,96,9,0
2026-04-03,南京市,321,301,0,0,0,318,3,0
2026-04-03,台州市,71,61,0,0,0,32,39,0
2026-04-03,南通市,75,75,0,0,0,37,38,0
2026-04-03,温州市,146,145,0,0,0,110,36,0
2026-04-03,杭州市,190,186,0,0,0,187,3,0
2026-04-03,苏州市,636,625,0,0,0,255,380,1
2026-04-03,泉州市,133,119,0,0,0,133,0,0
2026-04-03,郑州市,127,126,0,0,0,127,0,0
2026-04-03,芜湖市,46,45,0,0,0,14,32,0
2026-04-04,常州市,181,177,0,0,0,26,155,0
2026-04-04,工厂,3280,4,2,1,40,2762,384,2
2026-04-04,武汉市,216,208,0,0,53,17,146,0
2026-04-04,宁波市,358,357,0,0,0,263,95,0
2026-04-04,无锡市,97,96,0,0,0,40,57,0
2026-04-04,青岛市,162,159,0,0,0,90,72,0
2026-04-04,西安市,105,92,0,0,0,96,9,0
2026-04-04,南京市,321,301,0,0,0,318,3,0
2026-04-04,台州市,71,61,0,0,0,32,39,0
2026-04-04,南通市,75,75,0,0,0,37,38,0
2026-04-04,温州市,146,145,0,0,0,110,36,0
2026-04-04,杭州市,192,188,0,0,0,189,3,0
2026-04-04,苏州市,636,625,0,0,0,255,380,1
2026-04-04,泉州市,133,119,0,0,0,133,0,0
2026-04-04,郑州市,127,126,0,0,0,127,0,0
2026-04-04,芜湖市,46,45,0,0,0,14,32,0
2026-04-05,常州市,181,177,0,0,0,26,155,0
2026-04-05,工厂,3279,4,2,1,40,2761,384,2
2026-04-05,武汉市,216,208,0,0,53,17,146,0
2026-04-05,宁波市,358,357,0,0,0,263,95,0
2026-04-05,无锡市,97,96,0,0,0,40,57,0
2026-04-05,青岛市,162,159,0,0,0,90,72,0
2026-04-05,西安市,105,92,0,0,0,96,9,0
2026-04-05,南京市,321,301,0,0,0,318,3,0
2026-04-05,台州市,71,61,0,0,0,32,39,0
2026-04-05,南通市,75,75,0,0,0,37,38,0
2026-04-05,温州市,146,145,0,0,0,110,36,0
2026-04-05,杭州市,193,189,0,0,0,190,3,0
2026-04-05,苏州市,636,626,0,0,0,255,380,1
2026-04-05,泉州市,133,119,0,0,0,133,0,0
2026-04-05,郑州市,127,127,0,0,0,127,0,0
2026-04-05,芜湖市,46,45,0,0,0,14,32,0
2026-04-06,常州市,181,177,0,0,0,26,155,0
2026-04-06,工厂,3276,4,2,1,40,2758,384,2
2026-04-06,武汉市,216,208,0,0,53,17,146,0
2026-04-06,宁波市,358,357,0,0,0,263,95,0
2026-04-06,无锡市,97,96,0,0,0,40,57,0
2026-04-06,青岛市,162,159,0,0,0,90,72,0
2026-04-06,西安市,105,92,0,0,0,96,9,0
2026-04-06,南京市,321,301,0,0,0,318,3,0
2026-04-06,台州市,71,68,0,0,0,32,39,0
2026-04-06,南通市,75,75,0,0,0,37,38,0
2026-04-06,温州市,146,145,0,0,0,110,36,0
2026-04-06,杭州市,196,192,0,0,0,193,3,0
2026-04-06,苏州市,636,626,0,0,0,255,380,1
2026-04-06,泉州市,133,119,0,0,0,133,0,0
2026-04-06,郑州市,127,127,0,0,0,127,0,0
2026-04-06,芜湖市,46,45,0,0,0,14,32,0
2026-04-07,常州市,181,177,0,0,0,26,155,0
2026-04-07,工厂,3220,4,2,1,40,2713,373,2
2026-04-07,武汉市,216,208,0,0,53,17,146,0
2026-04-07,宁波市,358,357,0,0,0,263,95,0
2026-04-07,无锡市,97,96,0,0,0,40,57,0
2026-04-07,青岛市,162,160,0,0,0,90,72,0
2026-04-07,西安市,105,92,0,0,0,96,9,0
2026-04-07,南京市,321,303,0,0,0,318,3,0
2026-04-07,台州市,71,68,0,0,0,32,39,0
2026-04-07,嘉兴市,20,0,0,0,0,9,11,0
2026-04-07,南通市,75,75,0,0,0,37,38,0
2026-04-07,温州市,146,145,0,0,0,110,36,0
2026-04-07,杭州市,232,192,0,0,0,229,3,0
2026-04-07,苏州市,636,628,0,0,0,255,380,1
2026-04-07,泉州市,133,119,0,0,0,133,0,0
2026-04-07,郑州市,127,127,0,0,0,127,0,0
2026-04-07,芜湖市,46,45,0,0,0,14,32,0
2026-04-08,常州市,181,177,0,0,0,26,155,0
2026-04-08,工厂,3220,4,2,1,40,2713,373,2
2026-04-08,武汉市,216,208,0,0,53,17,146,0
2026-04-08,宁波市,358,355,0,0,0,263,95,0
2026-04-08,无锡市,97,96,0,0,0,40,57,0
2026-04-08,青岛市,162,160,0,0,0,90,72,0
2026-04-08,西安市,105,94,0,0,0,96,9,0
2026-04-08,南京市,321,303,0,0,0,318,3,0
2026-04-08,台州市,71,68,0,0,0,32,39,0
2026-04-08,嘉兴市,20,0,0,0,0,9,11,0
2026-04-08,南通市,75,75,0,0,0,37,38,0
2026-04-08,温州市,146,145,0,0,0,110,36,0
2026-04-08,杭州市,232,192,0,0,0,229,3,0
2026-04-08,苏州市,636,630,0,0,0,255,380,1
2026-04-08,泉州市,133,119,0,0,0,133,0,0
2026-04-08,郑州市,127,127,0,0,0,127,0,0
2026-04-08,芜湖市,46,45,0,0,0,14,32,0
2026-04-09,常州市,181,177,0,0,0,26,155,0
2026-04-09,工厂,3220,4,2,1,40,2713,373,2
2026-04-09,武汉市,216,208,0,0,53,17,146,0
2026-04-09,宁波市,358,354,0,0,0,263,95,0
2026-04-09,无锡市,97,96,0,0,0,40,57,0
2026-04-09,青岛市,162,160,0,0,0,90,72,0
2026-04-09,西安市,105,95,0,0,0,96,9,0
2026-04-09,南京市,321,303,0,0,0,318,3,0
2026-04-09,台州市,71,68,0,0,0,32,39,0
2026-04-09,嘉兴市,20,0,0,0,0,9,11,0
2026-04-09,南通市,75,75,0,0,0,37,38,0
2026-04-09,温州市,146,145,0,0,0,110,36,0
2026-04-09,杭州市,232,198,0,0,0,229,3,0
2026-04-09,苏州市,636,630,0,0,0,255,380,1
2026-04-09,泉州市,133,123,0,0,0,133,0,0
2026-04-09,郑州市,127,127,0,0,0,127,0,0
2026-04-09,芜湖市,46,45,0,0,0,14,32,0
2026-04-10,常州市,181,177,0,0,0,26,155,0
2026-04-10,工厂,3220,5,2,1,40,2713,373,2
2026-04-10,武汉市,216,211,0,0,53,17,146,0
2026-04-10,宁波市,358,354,0,0,0,263,95,0
2026-04-10,无锡市,97,96,0,0,0,40,57,0
2026-04-10,青岛市,162,162,0,0,0,90,72,0
2026-04-10,西安市,105,98,0,0,0,96,9,0
2026-04-10,南京市,321,307,0,0,0,318,3,0
2026-04-10,台州市,71,68,0,0,0,32,39,0
2026-04-10,嘉兴市,20,0,0,0,0,9,11,0
2026-04-10,南通市,75,75,0,0,0,37,38,0
2026-04-10,温州市,146,145,0,0,0,110,36,0
2026-04-10,杭州市,232,198,0,0,0,229,3,0
2026-04-10,苏州市,636,630,0,0,0,255,380,1
2026-04-10,泉州市,133,127,0,0,0,133,0,0
2026-04-10,郑州市,127,127,0,0,0,127,0,0
2026-04-10,芜湖市,46,45,0,0,0,14,32,0
2026-04-11,常州市,181,177,0,0,0,26,155,0
2026-04-11,工厂,3176,5,2,1,40,2669,373,2
2026-04-11,武汉市,216,211,0,0,53,17,146,0
2026-04-11,宁波市,358,354,0,0,0,263,95,0
2026-04-11,无锡市,97,96,0,0,0,40,57,0
2026-04-11,青岛市,162,159,0,0,0,90,72,0
2026-04-11,西安市,105,98,0,0,0,96,9,0
2026-04-11,南京市,321,307,0,0,0,318,3,0
2026-04-11,台州市,71,68,0,0,0,32,39,0
2026-04-11,嘉兴市,20,0,0,0,0,9,11,0
2026-04-11,南通市,75,75,0,0,0,37,38,0
2026-04-11,温州市,146,145,0,0,0,110,36,0
2026-04-11,杭州市,232,198,0,0,0,229,3,0
2026-04-11,苏州市,636,630,0,0,0,255,380,1
2026-04-11,泉州市,133,127,0,0,0,133,0,0
2026-04-11,郑州市,171,127,0,0,0,171,0,0
2026-04-11,芜湖市,46,45,0,0,0,14,32,0
2026-04-12,常州市,181,177,0,0,0,26,155,0
2026-04-12,工厂,3176,5,2,1,40,2669,373,2
2026-04-12,武汉市,216,211,0,0,53,17,146,0
2026-04-12,宁波市,358,355,0,0,0,263,95,0
2026-04-12,无锡市,97,96,0,0,0,40,57,0
2026-04-12,青岛市,162,159,0,0,0,90,72,0
2026-04-12,西安市,105,98,0,0,0,96,9,0
2026-04-12,南京市,321,307,0,0,0,318,3,0
2026-04-12,台州市,71,68,0,0,0,32,39,0
2026-04-12,嘉兴市,20,0,0,0,0,9,11,0
2026-04-12,南通市,75,75,0,0,0,37,38,0
2026-04-12,温州市,146,145,0,0,0,110,36,0
2026-04-12,杭州市,232,209,0,0,0,229,3,0
2026-04-12,苏州市,636,630,0,0,0,255,380,1
2026-04-12,泉州市,133,127,0,0,0,133,0,0
2026-04-12,郑州市,171,127,0,0,0,171,0,0
2026-04-12,芜湖市,46,45,0,0,0,14,32,0
2026-04-13,常州市,181,177,0,0,0,26,155,0
2026-04-13,工厂,3179,5,2,1,40,2670,375,2
2026-04-13,武汉市,216,211,0,0,53,17,146,0
2026-04-13,宁波市,358,355,0,0,0,263,95,0
2026-04-13,无锡市,97,96,0,0,0,40,57,0
2026-04-13,青岛市,159,159,0,0,0,89,70,0
2026-04-13,西安市,105,98,0,0,0,96,9,0
2026-04-13,南京市,321,307,0,0,0,318,3,0
2026-04-13,台州市,71,68,0,0,0,32,39,0
2026-04-13,嘉兴市,20,0,0,0,0,9,11,0
2026-04-13,南通市,75,75,0,0,0,37,38,0
2026-04-13,温州市,146,145,0,0,0,110,36,0
2026-04-13,杭州市,232,209,0,0,0,229,3,0
2026-04-13,苏州市,636,630,0,0,0,255,380,1
2026-04-13,泉州市,133,127,0,0,0,133,0,0
2026-04-13,郑州市,171,127,0,0,0,171,0,0
2026-04-13,芜湖市,46,45,0,0,0,14,32,0
2026-04-14,常州市,181,177,0,0,0,26,155,0
2026-04-14,工厂,3179,5,2,1,40,2670,375,2
2026-04-14,武汉市,216,211,0,0,53,17,146,0
2026-04-14,宁波市,358,355,0,0,0,263,95,0
2026-04-14,无锡市,97,96,0,0,0,40,57,0
2026-04-14,青岛市,159,159,0,0,0,89,70,0
2026-04-14,西安市,105,98,0,0,0,96,9,0
2026-04-14,南京市,321,307,0,0,0,318,3,0
2026-04-14,台州市,71,68,0,0,0,32,39,0
2026-04-14,嘉兴市,20,0,0,0,0,9,11,0
2026-04-14,南通市,75,75,0,0,0,37,38,0
2026-04-14,温州市,146,145,0,0,0,110,36,0
2026-04-14,杭州市,232,213,0,0,0,229,3,0
2026-04-14,苏州市,636,630,0,0,0,255,380,1
2026-04-14,泉州市,133,127,0,0,0,133,0,0
2026-04-14,郑州市,171,146,0,0,0,171,0,0
2026-04-14,芜湖市,46,45,0,0,0,14,32,0
2026-04-15,常州市,181,177,0,0,0,26,155,0
2026-04-15,工厂,3188,6,2,1,40,2673,381,2
2026-04-15,武汉市,216,211,0,0,53,17,146,0
2026-04-15,宁波市,358,356,0,0,0,263,95,0
2026-04-15,无锡市,97,96,0,0,0,40,57,0
2026-04-15,青岛市,159,159,0,0,0,89,70,0
2026-04-15,西安市,105,98,0,0,0,96,9,0
2026-04-15,南京市,321,307,0,0,0,318,3,0
2026-04-15,台州市,71,71,0,0,0,32,39,0
2026-04-15,嘉兴市,20,0,0,0,0,9,11,0
2026-04-15,南通市,75,75,0,0,0,37,38,0
2026-04-15,温州市,146,146,0,0,0,110,36,0
2026-04-15,杭州市,232,219,0,0,0,229,3,0
2026-04-15,苏州市,627,625,0,0,0,252,374,1
2026-04-15,泉州市,133,127,0,0,0,133,0,0
2026-04-15,郑州市,171,146,0,0,0,171,0,0
2026-04-15,芜湖市,46,45,0,0,0,14,32,0
